1002, 0.0873015873016
1003, 0.0634920634921
1004, 0.0
1005, 0.015873015873
1008, 0.103174603175
1013, 0.0238095238095
1017, 0.00793650793651
1018, 0.150793650794
1020, 0.00793650793651
1022, 0.0238095238095
1024, 0.015873015873
1025, 0.031746031746
1027, 0.0396825396825
1029, 0.031746031746
1031, 0.0
1032, 0.0
1033, 0.0
1034, 0.00793650793651
1039, 0.0
1041, 0.285714285714
1042, 0.047619047619
1044, 0.00793650793651
1045, 0.0
1046, 0.031746031746
1047, 0.0952380952381
1051, 0.142857142857
1052, 0.0634920634921
1053, 0.0555555555556
1054, 0.230158730159
1055, 0.0714285714286
1057, 0.0
1058, 0.00793650793651
1059, 0.015873015873
1060, 0.015873015873
1061, 0.0
1062, 0.0
1064, 0.0238095238095
1065, 0.0714285714286
1067, 0.0
1072, 0.0555555555556
1073, 0.0
1075, 0.0
1076, 0.0
1077, 0.0
1078, 0.015873015873
1079, 0.0
1081, 0.0238095238095
1082, 0.0
1083, 0.0238095238095
1086, 0.992063492063
1092, 0.801587301587
1093, 0.214285714286
1094, 0.00793650793651
1096, 0.0
1097, 0.0238095238095
1098, 0.126984126984
1099, 0.0
1100, 0.00793650793651
1102, 0.047619047619
1107, 0.0238095238095
1108, 0.00793650793651
1109, 0.0396825396825
1115, 0.00793650793651
1120, 0.142857142857
1121, 0.0
1122, 0.015873015873
1123, 0.0238095238095
1124, 0.103174603175
1126, 0.0555555555556
1127, 0.650793650794
1130, 0.00793650793651
1132, 0.00793650793651
1133, 0.0555555555556
1134, 0.00793650793651
1136, 0.031746031746
1138, 0.0
1139, 0.0
1140, 0.0
1141, 0.015873015873
1143, 0.00793650793651
1144, 0.0238095238095
1152, 0.0714285714286
1153, 0.0
1156, 0.0
1157, 0.015873015873
1159, 0.0238095238095
1160, 0.246031746032
1162, 0.0555555555556
1164, 0.0238095238095
1165, 0.00793650793651
1166, 0.00793650793651
1168, 0.00793650793651
1170, 0.015873015873
1174, 0.0714285714286
1179, 0.00793650793651
1180, 0.0
1182, 0.0
1183, 0.0396825396825
1185, 0.0
1186, 0.0
1188, 0.0
1191, 0.0
1196, 0.0
1197, 0.015873015873
1198, 0.0238095238095
1199, 0.0
1200, 0.00793650793651
1202, 0.015873015873
1203, 0.031746031746
1204, 0.103174603175
1205, 0.0
1212, 0.031746031746
1219, 0.0634920634921
1222, 0.0238095238095
1223, 0.031746031746
1224, 0.0
1225, 0.0555555555556
1226, 0.0238095238095
1227, 0.0
1229, 0.0
1230, 0.015873015873
1231, 0.00793650793651
1233, 0.0
1234, 0.031746031746
1235, 0.0238095238095
1236, 0.015873015873
1238, 0.0
1239, 0.0634920634921
1241, 0.00793650793651
1243, 0.0
1244, 0.246031746032
1246, 0.0
1250, 0.0238095238095
1251, 0.00793650793651
1255, 0.0396825396825
1257, 0.00793650793651
1259, 0.0873015873016
1260, 0.0555555555556
1263, 0.00793650793651
1264, 0.015873015873
1265, 0.0
1266, 0.119047619048
1267, 0.0
1268, 0.00793650793651
1269, 0.015873015873
1270, 0.015873015873
1271, 0.00793650793651
1274, 0.047619047619
1276, 0.015873015873
1277, 0.0873015873016
1278, 0.00793650793651
1279, 0.0
1280, 0.0
1281, 0.174603174603
1283, 0.15873015873
1284, 0.111111111111
1286, 0.047619047619
1288, 0.0
1291, 0.222222222222
1294, 0.015873015873
1295, 0.047619047619
1296, 0.00793650793651
1299, 0.031746031746
1300, 0.0238095238095
1301, 0.142857142857
1303, 0.0
1305, 0.103174603175
1309, 0.0
1311, 0.0634920634921
1314, 0.00793650793651
1315, 0.00793650793651
1317, 0.00793650793651
1319, 0.015873015873
1321, 0.00793650793651
1322, 0.047619047619
1323, 0.119047619048
1324, 0.0793650793651
1325, 0.00793650793651
1326, 0.00793650793651
1328, 0.0
1331, 0.285714285714
1334, 0.0396825396825
1336, 0.0396825396825
1337, 0.166666666667
1338, 0.0
1339, 0.015873015873
1342, 0.0
1343, 0.00793650793651
1346, 0.0952380952381
1347, 0.0634920634921
1348, 0.047619047619
1350, 0.0
1353, 0.134920634921
1359, 0.0238095238095
1360, 0.00793650793651
1361, 0.150793650794
1365, 0.031746031746
1371, 0.0
1372, 0.015873015873
1373, 0.00793650793651
1374, 0.0555555555556
1376, 0.0873015873016
1377, 0.015873015873
1379, 0.111111111111
1380, 0.0
1383, 0.0
1384, 0.0
1385, 0.0952380952381
1388, 0.00793650793651
1389, 0.190476190476
1390, 0.0
1394, 0.0238095238095
1395, 0.0
1397, 0.015873015873
1399, 0.174603174603
1402, 0.119047619048
1403, 0.0
1404, 0.190476190476
1405, 0.031746031746
1406, 0.031746031746
1407, 0.00793650793651
1409, 0.0
1410, 0.0
1413, 0.0
1416, 0.0873015873016
1418, 0.0
1420, 0.0238095238095
1421, 0.0
1425, 0.047619047619
1426, 0.015873015873
1428, 0.0
1429, 0.00793650793651
1430, 0.047619047619
1431, 0.00793650793651
1436, 0.0
1437, 0.0
1438, 0.015873015873
1440, 0.0
1441, 0.031746031746
1444, 0.047619047619
1446, 0.00793650793651
1451, 0.0
1452, 0.015873015873
1458, 0.0396825396825
1459, 0.00793650793651
1461, 0.031746031746
1463, 0.00793650793651
1464, 0.0793650793651
1466, 0.00793650793651
1468, 0.015873015873
1469, 0.015873015873
1471, 0.0
1479, 0.015873015873
1481, 0.0396825396825
1483, 0.00793650793651
1484, 0.015873015873
1485, 0.0793650793651
1486, 0.00793650793651
1487, 0.00793650793651
1492, 0.0793650793651
1494, 0.031746031746
1497, 0.047619047619
1498, 0.0
1499, 0.0873015873016
1500, 0.0952380952381
1501, 0.015873015873
1502, 0.00793650793651
1506, 0.00793650793651
1507, 0.0
1510, 0.0396825396825
1512, 0.0238095238095
1516, 0.198412698413
1523, 0.0555555555556
1526, 0.404761904762
1529, 0.0
1530, 0.015873015873
1531, 0.0
1533, 0.00793650793651
1534, 0.0634920634921
1535, 0.031746031746
1536, 0.00793650793651
1540, 0.00793650793651
1543, 0.00793650793651
1545, 0.0
1547, 0.0
1548, 0.0396825396825
1549, 0.0
1550, 0.126984126984
1551, 0.0714285714286
1553, 0.00793650793651
1556, 0.0
1557, 0.0238095238095
1561, 0.0634920634921
1564, 0.015873015873
1565, 0.0
1566, 0.031746031746
1573, 0.0793650793651
1575, 0.0
1576, 0.015873015873
1577, 0.047619047619
1578, 0.0
1581, 0.0793650793651
1582, 0.0793650793651
1586, 0.0396825396825
1587, 0.0
1588, 0.00793650793651
1590, 0.357142857143
1592, 0.015873015873
1594, 0.047619047619
1596, 0.047619047619
1598, 0.0238095238095
1599, 0.0714285714286
1600, 0.150793650794
1604, 0.0
1606, 0.0
1608, 0.0238095238095
1609, 0.0
1610, 0.0238095238095
1612, 0.00793650793651
1615, 0.0
1616, 0.00793650793651
1618, 0.0
1623, 0.0238095238095
1624, 0.0
1627, 0.0555555555556
1628, 0.0
1629, 0.166666666667
1630, 0.0396825396825
1632, 0.0
1633, 0.0
1634, 0.0238095238095
1635, 0.0396825396825
1636, 0.00793650793651
1638, 0.0
1640, 0.00793650793651
1641, 0.150793650794
1642, 0.142857142857
1643, 0.0
1644, 0.00793650793651
1645, 0.00793650793651
1648, 0.00793650793651
1650, 0.0
1654, 0.0873015873016
1657, 0.0238095238095
1658, 0.0238095238095
1660, 0.0396825396825
1661, 0.134920634921
1663, 0.0
1664, 0.0793650793651
1665, 0.0
1666, 0.015873015873
1667, 0.142857142857
1668, 0.0714285714286
1669, 0.015873015873
1670, 0.0
1671, 0.0
1672, 0.0
1673, 0.00793650793651
1675, 0.0238095238095
1676, 0.0238095238095
1677, 0.015873015873
1679, 0.015873015873
1680, 0.190476190476
1682, 0.0
1684, 0.0238095238095
1689, 0.214285714286
1690, 0.0238095238095
1691, 0.126984126984
1692, 0.150793650794
1695, 0.0
1697, 0.00793650793651
1699, 0.0634920634921
1700, 0.00793650793651
1704, 0.0396825396825
1706, 0.0
1707, 0.015873015873
1708, 0.0
1709, 0.0238095238095
1711, 0.015873015873
1712, 0.0396825396825
1715, 0.00793650793651
1716, 0.0
1717, 0.0952380952381
1718, 0.0714285714286
1720, 0.00793650793651
1722, 0.0873015873016
1724, 0.611111111111
1725, 0.0634920634921
1727, 0.0396825396825
1728, 0.00793650793651
1729, 0.103174603175
1733, 0.0
1734, 0.0
1735, 0.031746031746
1740, 0.404761904762
1741, 0.0
1742, 0.111111111111
1749, 0.0
1750, 0.015873015873
1751, 0.015873015873
1752, 0.0238095238095
1753, 0.015873015873
1755, 0.00793650793651
1757, 0.0396825396825
1758, 0.0
1760, 0.0238095238095
1761, 0.00793650793651
1762, 0.0952380952381
1763, 0.0793650793651
1764, 0.00793650793651
1765, 0.015873015873
1767, 0.0634920634921
1768, 0.0396825396825
1770, 0.00793650793651
1773, 0.722222222222
1776, 0.0873015873016
1777, 0.00793650793651
1778, 0.0793650793651
1779, 0.00793650793651
1780, 0.00793650793651
1781, 0.0555555555556
1783, 0.047619047619
1784, 0.0
1786, 0.0238095238095
1788, 0.0
1791, 0.00793650793651
1793, 0.134920634921
1796, 0.198412698413
1797, 0.0634920634921
1798, 0.0555555555556
1799, 0.0
1801, 0.0
1802, 0.0793650793651
1804, 0.0
1807, 0.134920634921
1808, 0.00793650793651
1809, 0.0
1810, 0.0238095238095
1812, 0.00793650793651
1815, 0.0
1816, 0.0396825396825
1817, 0.031746031746
1818, 0.0
1820, 0.134920634921
1822, 0.00793650793651
1824, 0.00793650793651
1827, 0.015873015873
1828, 0.0
1829, 0.00793650793651
1830, 0.0
1831, 0.015873015873
1832, 0.015873015873
1835, 0.103174603175
1836, 0.0634920634921
1837, 0.031746031746
1838, 0.031746031746
1840, 0.0
1842, 0.0
1843, 0.0
1844, 0.0873015873016
1846, 0.0
1847, 0.0
1848, 0.0
1850, 0.0
1852, 0.142857142857
1854, 0.0396825396825
1855, 0.0714285714286
1857, 0.00793650793651
1858, 0.00793650793651
1860, 0.031746031746
1865, 0.0238095238095
1867, 0.0
1869, 0.031746031746
1870, 0.0555555555556
1871, 0.047619047619
1872, 0.0
1874, 0.0
1875, 0.0634920634921
1876, 0.031746031746
1877, 0.0555555555556
1878, 0.0238095238095
1879, 0.166666666667
1880, 0.0714285714286
1883, 0.00793650793651
1885, 0.031746031746
1886, 0.00793650793651
1887, 0.031746031746
1888, 0.047619047619
1889, 0.373015873016
1890, 0.0238095238095
1891, 0.134920634921
1892, 0.0
1893, 0.261904761905
1894, 0.031746031746
1895, 0.0
1896, 0.190476190476
1897, 0.00793650793651
1903, 0.0634920634921
1904, 0.0555555555556
1905, 0.047619047619
1909, 0.031746031746
1910, 0.0634920634921
1912, 0.103174603175
1914, 0.412698412698
1917, 0.015873015873
1918, 0.031746031746
1919, 0.00793650793651
1922, 0.0396825396825
1926, 0.00793650793651
1927, 0.142857142857
1931, 0.015873015873
1934, 0.0873015873016
1936, 0.18253968254
1938, 0.0
1939, 0.0873015873016
1942, 0.0
1944, 0.031746031746
1946, 0.015873015873
1947, 0.00793650793651
1949, 0.0555555555556
1950, 0.0714285714286
1951, 0.0714285714286
1953, 0.0634920634921
1955, 0.031746031746
1959, 0.0238095238095
1962, 0.00793650793651
1967, 0.0793650793651
1968, 0.015873015873
1969, 0.0
1970, 0.0238095238095
1971, 0.0
1972, 0.015873015873
1975, 0.00793650793651
1977, 0.103174603175
1979, 0.0
1980, 0.031746031746
1981, 0.31746031746
1982, 0.047619047619
1983, 0.015873015873
1984, 0.0
1985, 0.00793650793651
1986, 0.0
1987, 0.0873015873016
1989, 0.00793650793651
1990, 0.047619047619
1991, 0.015873015873
1992, 0.150793650794
1993, 0.428571428571
1994, 0.0
1996, 0.00793650793651
1997, 0.0
1998, 0.00793650793651
2000, 0.0238095238095
2001, 0.0
2003, 0.031746031746
2004, 0.015873015873
2008, 0.00793650793651
2009, 0.0
2010, 0.031746031746
2011, 0.0
2012, 0.0238095238095
2013, 0.0238095238095
2017, 0.0
2018, 0.0
2020, 0.031746031746
2021, 0.0
2022, 0.0
2023, 0.0
2025, 0.0
2027, 0.134920634921
2028, 0.0238095238095
2029, 0.031746031746
2030, 0.047619047619
2031, 0.0952380952381
2032, 0.0238095238095
2033, 0.0
2034, 0.015873015873
2035, 0.0
2036, 0.134920634921
2038, 0.015873015873
2039, 0.0238095238095
2040, 0.0238095238095
2041, 0.119047619048
2043, 0.031746031746
2044, 0.142857142857
2045, 0.00793650793651
2046, 0.119047619048
2047, 0.0952380952381
2048, 0.00793650793651
2049, 0.047619047619
2055, 0.047619047619
2056, 0.00793650793651
2057, 0.134920634921
2058, 0.0793650793651
2059, 0.00793650793651
2060, 0.0
2061, 0.0
2062, 0.015873015873
2064, 0.0
2069, 0.00793650793651
2070, 0.015873015873
2072, 0.00793650793651
2073, 0.0
2074, 0.0634920634921
2076, 0.00793650793651
2077, 0.0793650793651
2080, 0.0
2081, 0.134920634921
2084, 0.031746031746
2085, 0.0238095238095
2086, 0.0
2087, 0.0555555555556
2088, 0.00793650793651
2090, 0.031746031746
2091, 0.015873015873
2093, 0.0634920634921
2095, 0.0
2098, 0.047619047619
2099, 0.00793650793651
2103, 0.0
2104, 0.00793650793651
2105, 0.00793650793651
2106, 0.333333333333
2109, 0.0238095238095
2112, 0.166666666667
2113, 0.0238095238095
2115, 0.0396825396825
2117, 0.0714285714286
2119, 0.015873015873
2121, 0.103174603175
2123, 0.00793650793651
2124, 0.047619047619
2126, 0.015873015873
2130, 0.031746031746
2131, 0.0
2133, 0.015873015873
2140, 0.15873015873
2141, 0.031746031746
2143, 0.15873015873
2146, 0.031746031746
2147, 0.00793650793651
2148, 0.0238095238095
2152, 0.00793650793651
2154, 0.0
2160, 0.0396825396825
2161, 0.00793650793651
2163, 0.15873015873
2164, 0.0
2166, 0.0396825396825
2168, 0.0793650793651
2169, 0.222222222222
2171, 0.0
2172, 0.746031746032
2176, 0.031746031746
2180, 0.0238095238095
2183, 0.015873015873
2184, 0.015873015873
2185, 0.00793650793651
2186, 0.031746031746
2187, 0.0
2188, 0.0
2189, 0.0555555555556
2191, 0.0634920634921
2197, 0.0
2202, 0.00793650793651
2205, 0.0238095238095
2206, 0.0396825396825
2208, 0.0
2212, 0.126984126984
2214, 0.0396825396825
2217, 0.0238095238095
2218, 0.134920634921
2222, 0.0396825396825
2223, 0.0238095238095
2224, 0.0
2225, 0.0793650793651
2226, 0.00793650793651
2228, 0.190476190476
2229, 0.0238095238095
2231, 0.00793650793651
2232, 0.0793650793651
2234, 0.031746031746
2235, 0.0396825396825
2238, 0.0
2240, 0.0
2241, 0.00793650793651
2243, 0.0
2245, 0.0
2246, 0.0
2251, 0.0
2253, 0.0
2254, 0.0
2255, 0.00793650793651
2256, 0.0
2258, 0.00793650793651
2259, 0.0714285714286
2260, 0.0555555555556
2262, 0.246031746032
2263, 0.00793650793651
2264, 0.0
2266, 0.00793650793651
2267, 0.015873015873
2270, 0.0
2271, 0.015873015873
2278, 0.0238095238095
2281, 0.0
2282, 0.0238095238095
2283, 0.0873015873016
2285, 0.00793650793651
2288, 0.00793650793651
2289, 0.460317460317
2292, 0.0238095238095
2294, 0.15873015873
2295, 0.261904761905
2296, 0.0238095238095
2299, 0.0873015873016
2300, 0.111111111111
2302, 0.00793650793651
2304, 0.0238095238095
2306, 0.0714285714286
2309, 0.0793650793651
2313, 0.0
2314, 0.031746031746
2315, 0.0238095238095
2319, 0.0
2320, 0.103174603175
2321, 0.0
2323, 0.0396825396825
2328, 0.0
2329, 0.0
2331, 0.047619047619
2332, 0.00793650793651
2333, 0.0555555555556
2334, 0.0
2335, 0.00793650793651
2336, 0.0
2338, 0.0634920634921
2341, 0.031746031746
2342, 0.0238095238095
2343, 0.00793650793651
2345, 0.00793650793651
2347, 0.00793650793651
2348, 0.0396825396825
2349, 0.047619047619
2350, 0.00793650793651
2352, 0.00793650793651
2353, 0.0952380952381
2355, 0.0238095238095
2358, 0.0714285714286
2359, 0.031746031746
2360, 0.00793650793651
2363, 0.0
2366, 0.0238095238095
2367, 0.0555555555556
2369, 0.00793650793651
2370, 0.0
2371, 0.0
2373, 0.0
2374, 0.0
2375, 0.00793650793651
2377, 0.0793650793651
2379, 0.0
2381, 0.0
2382, 0.015873015873
2383, 0.015873015873
2387, 0.015873015873
2388, 0.00793650793651
2389, 0.0555555555556
2391, 0.0238095238095
2393, 0.047619047619
2394, 0.0396825396825
2397, 0.373015873016
2400, 0.015873015873
2401, 0.00793650793651
2403, 0.015873015873
2404, 0.190476190476
2405, 0.047619047619
2406, 0.00793650793651
2407, 0.0238095238095
2408, 0.031746031746
2410, 0.00793650793651
2411, 0.015873015873
2414, 0.0873015873016
2415, 0.18253968254
2416, 0.00793650793651
2417, 0.0714285714286
2418, 0.015873015873
2420, 0.047619047619
2422, 0.031746031746
2426, 0.0
2428, 0.00793650793651
2429, 0.285714285714
2430, 0.0
2431, 0.52380952381
2433, 0.031746031746
2436, 0.00793650793651
2437, 0.214285714286
2438, 0.174603174603
2439, 0.0
2440, 0.00793650793651
2442, 0.0396825396825
2446, 0.0
2447, 0.0555555555556
2448, 0.00793650793651
2449, 0.0
2453, 0.0
2455, 0.0
2456, 0.015873015873
2457, 0.0238095238095
2458, 0.0
2461, 0.0714285714286
2462, 0.0
2464, 0.047619047619
2465, 0.0238095238095
2467, 0.015873015873
2468, 0.111111111111
2469, 0.111111111111
2471, 0.015873015873
2473, 0.047619047619
2474, 0.230158730159
2475, 0.031746031746
2476, 0.015873015873
2478, 0.00793650793651
2480, 0.103174603175
2482, 0.0634920634921
2489, 0.0
2491, 0.00793650793651
2492, 0.047619047619
2493, 0.0793650793651
2494, 0.047619047619
2498, 0.0396825396825
2499, 0.00793650793651
2501, 0.00793650793651
2502, 0.0
2504, 0.00793650793651
2507, 0.0238095238095
2508, 0.015873015873
2509, 0.0
2510, 0.0238095238095
2511, 0.0
2513, 0.0396825396825
2514, 0.015873015873
2515, 0.00793650793651
2522, 0.0238095238095
2526, 0.031746031746
2528, 0.0
2530, 0.357142857143
2531, 0.00793650793651
2532, 0.0
2533, 0.031746031746
2534, 0.150793650794
2536, 0.0
2537, 0.420634920635
2539, 0.031746031746
2540, 0.00793650793651
2541, 0.0793650793651
2542, 0.047619047619
2543, 0.0238095238095
2544, 0.0
2545, 0.00793650793651
2546, 0.0
2547, 0.0
2548, 0.388888888889
2553, 0.047619047619
2555, 0.0634920634921
2556, 0.031746031746
2559, 0.0238095238095
2560, 0.00793650793651
2561, 0.0238095238095
2562, 0.0
2567, 0.0396825396825
2568, 0.0
2571, 0.031746031746
2574, 0.0
2575, 0.0952380952381
2578, 0.0634920634921
2579, 0.00793650793651
2583, 0.00793650793651
2587, 0.460317460317
2588, 0.00793650793651
2591, 0.111111111111
2592, 0.00793650793651
2593, 0.0
2594, 0.015873015873
2595, 0.0
2597, 0.031746031746
2600, 0.0634920634921
2601, 0.015873015873
2602, 0.0
2603, 0.031746031746
2604, 0.0
2605, 0.00793650793651
2606, 0.015873015873
2607, 0.0238095238095
2611, 0.0396825396825
2612, 0.0
2616, 0.0238095238095
2620, 0.0238095238095
2622, 0.047619047619
2623, 0.0
2625, 0.119047619048
2628, 0.015873015873
2629, 0.0
2630, 0.0
2631, 0.0238095238095
2632, 0.0
2634, 0.015873015873
2636, 0.0238095238095
2637, 0.00793650793651
2638, 0.0238095238095
2640, 0.015873015873
2641, 0.00793650793651
2643, 0.047619047619
2646, 0.0
2650, 0.0
2652, 0.111111111111
2653, 0.0
2654, 0.047619047619
2656, 0.0
2661, 0.0
2663, 0.0
2665, 0.0396825396825
2667, 0.0238095238095
2668, 0.015873015873
2670, 0.0
2671, 0.0
2672, 0.0
2675, 0.015873015873
2678, 0.0396825396825
2679, 0.0
2680, 0.0396825396825
2683, 0.031746031746
2684, 0.0
2685, 0.047619047619
2686, 0.0714285714286
2688, 0.00793650793651
2689, 0.031746031746
2690, 0.0238095238095
2694, 0.0555555555556
2696, 0.00793650793651
2699, 0.00793650793651
2700, 0.0555555555556
2701, 0.031746031746
2702, 0.357142857143
2704, 0.015873015873
2706, 0.0
2707, 0.00793650793651
2709, 0.0396825396825
2711, 0.0
2712, 0.15873015873
2713, 0.166666666667
2714, 0.0
2715, 0.031746031746
2716, 0.031746031746
2717, 0.0
2718, 0.00793650793651
2719, 0.0555555555556
2723, 0.0793650793651
2724, 0.0
2725, 0.0873015873016
2728, 0.0
2729, 0.0555555555556
2730, 0.015873015873
2732, 0.0
2733, 0.190476190476
2735, 0.00793650793651
2736, 0.0793650793651
2737, 0.0238095238095
2738, 0.0714285714286
2740, 0.0396825396825
2742, 0.015873015873
2744, 0.0
2746, 0.0396825396825
2747, 0.103174603175
2748, 0.015873015873
2751, 0.119047619048
2753, 0.0
2754, 0.0
2756, 0.0238095238095
2757, 0.0
2761, 0.0
2765, 0.0
2767, 0.0238095238095
2769, 0.0
2770, 0.031746031746
2771, 0.0793650793651
2772, 0.00793650793651
2773, 0.396825396825
2774, 0.0555555555556
2776, 0.0
2777, 0.0
2778, 0.611111111111
2779, 0.0396825396825
2780, 0.047619047619
2781, 0.015873015873
2782, 0.00793650793651
2785, 0.0
2786, 0.031746031746
2787, 0.015873015873
2789, 0.0
2790, 0.031746031746
2791, 0.0634920634921
2792, 0.047619047619
2793, 0.00793650793651
2794, 0.0
2795, 0.0
2797, 0.00793650793651
2798, 0.015873015873
2799, 0.00793650793651
2800, 0.0
2801, 0.380952380952
2802, 0.0
2808, 0.00793650793651
2809, 0.00793650793651
2810, 0.015873015873
2811, 0.0
2813, 0.190476190476
2815, 0.0793650793651
2816, 0.0
2817, 0.0793650793651
2819, 0.00793650793651
2821, 0.0238095238095
2825, 0.00793650793651
2826, 0.0793650793651
2827, 0.0396825396825
2828, 0.190476190476
2829, 0.0873015873016
2834, 0.103174603175
2835, 0.0238095238095
2837, 0.00793650793651
2841, 0.277777777778
2842, 0.0793650793651
2843, 0.111111111111
2844, 0.0
2846, 0.00793650793651
2849, 0.0238095238095
2850, 0.00793650793651
2852, 0.0793650793651
2853, 0.015873015873
2854, 0.0238095238095
2855, 0.015873015873
2856, 0.111111111111
2862, 0.111111111111
2863, 0.15873015873
2864, 0.0793650793651
2865, 0.00793650793651
2867, 0.0793650793651
2868, 0.0
2869, 0.0238095238095
2871, 0.18253968254
2872, 0.0873015873016
2873, 0.214285714286
2875, 0.015873015873
2876, 0.00793650793651
2877, 0.031746031746
2878, 0.031746031746
2879, 0.0
2880, 0.214285714286
2881, 0.047619047619
2885, 0.103174603175
2886, 0.103174603175
2887, 0.00793650793651
2891, 0.015873015873
2893, 0.031746031746
2894, 0.047619047619
2895, 0.0555555555556
2896, 0.0
2897, 0.0555555555556
2898, 0.031746031746
2899, 0.0634920634921
2900, 0.0396825396825
2901, 0.0
2902, 0.230158730159
2904, 0.111111111111
2907, 0.0238095238095
2912, 0.0238095238095
2915, 0.0396825396825
2917, 0.0
2918, 0.0
2919, 0.0714285714286
2922, 0.0
2926, 0.031746031746
2927, 0.0
2932, 0.015873015873
2933, 0.00793650793651
2935, 0.015873015873
2936, 0.0
2937, 0.0555555555556
2938, 0.0
2942, 0.0238095238095
2946, 0.0555555555556
2947, 0.0238095238095
2950, 0.031746031746
2951, 0.0873015873016
2952, 0.0
2953, 0.0714285714286
2954, 0.0
2955, 0.0
2958, 0.0873015873016
2959, 0.349206349206
2960, 0.0238095238095
2962, 0.0396825396825
2963, 0.0
2965, 0.0238095238095
2966, 0.0
2967, 0.031746031746
2968, 0.0238095238095
2969, 0.0
2971, 0.0
2972, 0.0238095238095
2976, 0.0396825396825
2979, 0.0
2980, 0.0952380952381
2981, 0.238095238095
2985, 0.134920634921
2986, 0.0
2987, 0.0238095238095
2988, 0.0952380952381
2989, 0.031746031746
2991, 0.031746031746
2992, 0.111111111111
2999, 0.111111111111
3003, 0.0238095238095
3004, 0.0396825396825
3005, 0.0396825396825
3009, 0.00793650793651
3010, 0.0
3011, 0.00793650793651
3012, 0.0555555555556
3014, 0.0873015873016
3017, 0.0634920634921
3019, 0.0
3021, 0.571428571429
3025, 0.0555555555556
3029, 0.269841269841
3030, 0.031746031746
3033, 0.0714285714286
3034, 0.0
3036, 0.0
3042, 0.0238095238095
3043, 0.0396825396825
3046, 0.0
3047, 0.0714285714286
3048, 0.0
3049, 0.0
3050, 0.00793650793651
3051, 0.0396825396825
3052, 0.00793650793651
3055, 0.0
3059, 0.0
3060, 0.0238095238095
3061, 0.0
3062, 0.0
3065, 0.00793650793651
3068, 0.0
3070, 0.0
3071, 0.031746031746
3073, 0.00793650793651
3074, 0.0
3077, 0.0
3078, 0.484126984127
3079, 0.031746031746
3081, 0.0
3082, 0.00793650793651
3083, 0.015873015873
3084, 0.00793650793651
3089, 0.0396825396825
3091, 0.0714285714286
3092, 0.0873015873016
3093, 0.0238095238095
3094, 0.015873015873
3096, 0.412698412698
3097, 0.00793650793651
3098, 0.00793650793651
3099, 0.0396825396825
3100, 0.00793650793651
3101, 0.015873015873
3102, 0.0
3105, 0.0
3107, 0.0
3108, 0.0396825396825
3110, 0.0
3111, 0.0
3113, 0.0238095238095
3114, 0.0873015873016
3117, 0.0
3119, 0.00793650793651
3120, 0.0714285714286
3121, 0.0396825396825
3122, 0.0
3123, 0.00793650793651
3124, 0.0
3125, 0.246031746032
3126, 0.0555555555556
3127, 0.015873015873
3129, 0.0
3132, 0.0238095238095
3133, 0.015873015873
3134, 0.0
3135, 0.0238095238095
3136, 0.222222222222
3138, 0.00793650793651
3139, 0.00793650793651
3140, 0.0
3144, 0.0
3146, 0.00793650793651
3152, 0.00793650793651
3154, 0.103174603175
3157, 0.0
3159, 0.150793650794
3162, 0.015873015873
3168, 0.0
3169, 0.00793650793651
3170, 0.0873015873016
3174, 0.0
3177, 0.309523809524
3178, 0.0396825396825
3180, 0.333333333333
3181, 0.0555555555556
3184, 0.031746031746
3185, 0.015873015873
3187, 0.0238095238095
3189, 0.0555555555556
3191, 0.00793650793651
3192, 0.0
3198, 0.0
3201, 0.00793650793651
3203, 0.031746031746
3204, 0.015873015873
3205, 0.0634920634921
3207, 0.0634920634921
3209, 0.0238095238095
3212, 0.0873015873016
3215, 0.0634920634921
3216, 0.198412698413
3217, 0.0793650793651
3218, 0.0
3219, 0.0
3221, 0.0396825396825
3224, 0.103174603175
3226, 0.015873015873
3228, 0.00793650793651
3229, 0.0
3231, 0.0
3232, 0.00793650793651
3234, 0.0793650793651
3235, 0.031746031746
3236, 0.0
3238, 0.00793650793651
3240, 0.015873015873
3242, 0.0
3245, 0.015873015873
3246, 0.0
3247, 0.031746031746
3248, 0.00793650793651
3249, 0.0
3251, 0.134920634921
3252, 0.111111111111
3253, 0.0
3258, 0.00793650793651
3260, 0.0
3261, 0.0793650793651
3262, 0.0952380952381
3264, 0.047619047619
3265, 0.0
3268, 0.119047619048
3270, 0.00793650793651
3271, 0.0
3273, 0.0
3276, 0.0
3277, 0.0
3278, 0.0
3279, 0.047619047619
3280, 0.0
3281, 0.0
3282, 0.00793650793651
3286, 0.00793650793651
3289, 0.103174603175
3290, 0.00793650793651
3291, 0.18253968254
3294, 0.0873015873016
3296, 0.0634920634921
3299, 0.00793650793651
3300, 0.015873015873
3302, 0.0793650793651
3303, 0.0396825396825
3305, 0.261904761905
3306, 0.015873015873
3307, 0.00793650793651
3308, 0.0
3311, 0.0714285714286
3315, 0.888888888889
3316, 0.0
3322, 0.0555555555556
3323, 0.015873015873
3327, 0.0396825396825
3328, 0.015873015873
3334, 0.031746031746
3335, 0.015873015873
3336, 0.047619047619
3337, 0.015873015873
3339, 0.0873015873016
3341, 0.00793650793651
3342, 0.031746031746
3343, 0.00793650793651
3346, 0.0238095238095
3352, 0.0634920634921
3353, 0.103174603175
3354, 0.460317460317
3357, 0.0396825396825
3358, 0.0
3365, 0.0
3367, 0.0555555555556
3368, 0.0
3369, 0.0396825396825
3372, 0.0
3373, 0.015873015873
3374, 0.00793650793651
3375, 0.0
3378, 0.238095238095
3379, 0.047619047619
3380, 0.0
3382, 0.0396825396825
3383, 0.0396825396825
3384, 0.0952380952381
3385, 0.00793650793651
3386, 0.0714285714286
3387, 0.0
3388, 0.00793650793651
3389, 0.0
3393, 0.150793650794
3394, 0.0952380952381
3397, 0.0
3398, 0.00793650793651
3403, 0.0
3404, 0.111111111111
3405, 0.0
3406, 0.0238095238095
3407, 0.0238095238095
3411, 0.015873015873
3412, 0.015873015873
3414, 0.0238095238095
3416, 0.214285714286
3417, 0.0
3419, 0.0238095238095
3420, 0.0238095238095
3421, 0.00793650793651
3424, 0.015873015873
3427, 0.0555555555556
3430, 0.015873015873
3431, 0.761904761905
3433, 0.0
3435, 0.0238095238095
3436, 0.047619047619
3437, 0.015873015873
3438, 0.00793650793651
3441, 0.015873015873
3443, 0.0396825396825
3444, 0.222222222222
3445, 0.00793650793651
3446, 0.0555555555556
3447, 0.0793650793651
3448, 0.00793650793651
3449, 0.015873015873
3453, 0.0
3455, 0.0
3456, 0.230158730159
3458, 0.0238095238095
3461, 0.047619047619
3463, 0.0
3466, 0.031746031746
3467, 0.357142857143
3469, 0.0
3470, 0.0
3471, 0.0
3472, 0.031746031746
3473, 0.126984126984
3474, 0.206349206349
3477, 0.0
3478, 0.00793650793651
3479, 0.0
3484, 0.047619047619
3485, 0.0
3486, 0.0555555555556
3489, 0.0
3490, 0.0
3492, 0.134920634921
3493, 0.00793650793651
3494, 0.0
3495, 0.0238095238095
3496, 0.0
3497, 0.015873015873
3499, 0.0238095238095
3500, 0.0238095238095
3502, 0.047619047619
3503, 0.0396825396825
3505, 0.047619047619
3506, 0.0238095238095
3507, 0.0
3508, 0.0238095238095
3510, 0.103174603175
3514, 0.00793650793651
3516, 0.00793650793651
3517, 0.0238095238095
3518, 0.0
3519, 0.119047619048
3522, 0.0
3523, 0.0714285714286
3525, 0.00793650793651
3526, 0.047619047619
3527, 0.0396825396825
3528, 0.0793650793651
3533, 0.00793650793651
3534, 0.00793650793651
3535, 0.00793650793651
3536, 0.206349206349
3537, 0.0
3538, 0.0634920634921
3539, 0.0238095238095
3541, 0.00793650793651
3542, 0.190476190476
3543, 0.0238095238095
3545, 0.0952380952381
3546, 0.0
3547, 0.134920634921
3548, 0.015873015873
3550, 0.0238095238095
3551, 0.0
3553, 0.015873015873
3556, 0.047619047619
3558, 0.00793650793651
3559, 0.00793650793651
3560, 0.0
3567, 0.15873015873
3576, 0.119047619048
3577, 0.0634920634921
3579, 0.0
3580, 0.00793650793651
3581, 0.0
3585, 0.0238095238095
3587, 0.015873015873
3588, 0.0
3589, 0.0396825396825
3590, 0.031746031746
3591, 0.119047619048
3593, 0.031746031746
3595, 0.0
3596, 0.0555555555556
3597, 0.00793650793651
3598, 0.015873015873
3599, 0.015873015873
3603, 0.047619047619
3604, 0.253968253968
3606, 0.015873015873
3610, 0.0
3611, 0.0
3613, 0.484126984127
3614, 0.0396825396825
3615, 0.0
3616, 0.00793650793651
3617, 0.00793650793651
3618, 0.031746031746
3620, 0.015873015873
3621, 0.0952380952381
3625, 0.031746031746
3626, 0.0793650793651
3629, 0.0
3632, 0.047619047619
3633, 0.015873015873
3634, 0.0
3635, 0.0396825396825
3637, 0.047619047619
3638, 0.015873015873
3639, 0.0634920634921
3640, 0.0
3641, 0.0555555555556
3642, 0.0
3647, 0.00793650793651
3648, 0.00793650793651
3650, 0.031746031746
3652, 0.0238095238095
3654, 0.015873015873
3655, 0.0952380952381
3659, 0.00793650793651
3660, 0.119047619048
3661, 0.00793650793651
3662, 0.103174603175
3663, 0.0396825396825
3665, 0.0634920634921
3667, 0.420634920635
3668, 0.00793650793651
3673, 0.015873015873
3676, 0.031746031746
3677, 0.015873015873
3681, 0.047619047619
3686, 0.00793650793651
3687, 0.0
3689, 0.0
3690, 0.0
3693, 0.031746031746
3694, 0.0
3696, 0.00793650793651
3700, 0.134920634921
3701, 0.031746031746
3702, 0.0
3704, 0.031746031746
3705, 0.0
3708, 0.0
3709, 0.0952380952381
3712, 0.0952380952381
3715, 0.0238095238095
3716, 0.0952380952381
3718, 0.00793650793651
3722, 0.0873015873016
3723, 0.00793650793651
3724, 0.00793650793651
3725, 0.031746031746
3726, 0.0
3728, 0.031746031746
3729, 0.015873015873
3730, 0.150793650794
3731, 0.0555555555556
3734, 0.0555555555556
3736, 0.015873015873
3737, 0.00793650793651
3738, 0.134920634921
3740, 0.150793650794
3741, 0.0238095238095
3743, 0.031746031746
3744, 0.00793650793651
3747, 0.00793650793651
3748, 0.015873015873
3750, 0.0
3751, 0.015873015873
3753, 0.031746031746
3754, 0.0
3756, 0.015873015873
3757, 0.00793650793651
3758, 0.0
3761, 0.0238095238095
3762, 0.00793650793651
3766, 0.0238095238095
3768, 0.015873015873
3769, 0.0634920634921
3770, 0.0714285714286
3771, 0.047619047619
3773, 0.00793650793651
3774, 0.00793650793651
3775, 0.015873015873
3781, 0.031746031746
3783, 0.0
3785, 0.150793650794
3786, 0.190476190476
3787, 0.031746031746
3790, 0.00793650793651
3791, 0.0793650793651
3794, 0.0714285714286
3796, 0.0396825396825
3797, 0.0952380952381
3799, 0.0634920634921
3801, 0.00793650793651
3802, 0.00793650793651
3807, 0.0
3808, 0.0714285714286
3809, 0.0238095238095
3810, 0.0
3812, 0.0
3814, 0.0952380952381
3819, 0.0
3820, 0.00793650793651
3821, 0.00793650793651
3822, 0.00793650793651
3827, 0.0
3828, 0.142857142857
3831, 0.0634920634921
3836, 0.0634920634921
3838, 0.0555555555556
3839, 0.0714285714286
3840, 0.0
3844, 0.103174603175
3853, 0.0793650793651
3854, 0.031746031746
3855, 0.015873015873
3856, 0.00793650793651
3857, 0.00793650793651
3859, 0.031746031746
3862, 0.0873015873016
3865, 0.00793650793651
3866, 0.015873015873
3870, 0.150793650794
3873, 0.619047619048
3875, 0.126984126984
3876, 0.0238095238095
3879, 0.00793650793651
3880, 0.103174603175
3881, 0.0
3884, 0.0238095238095
3887, 0.190476190476
3888, 0.0396825396825
3889, 0.0396825396825
3891, 0.0
3892, 0.222222222222
3895, 0.00793650793651
3896, 0.00793650793651
3900, 0.031746031746
3901, 0.031746031746
3902, 0.0
3903, 0.531746031746
3904, 0.015873015873
3908, 0.015873015873
3913, 0.015873015873
3914, 0.015873015873
3915, 0.0396825396825
3916, 0.0
3917, 0.0
3920, 0.230158730159
3921, 0.0714285714286
3922, 0.0555555555556
3924, 0.00793650793651
3927, 0.0
3931, 0.0
3932, 0.00793650793651
3934, 0.00793650793651
3937, 0.0238095238095
3938, 0.0
3940, 0.492063492063
3941, 0.00793650793651
3943, 0.0
3945, 0.119047619048
3948, 0.0
3952, 0.0238095238095
3955, 0.0
3957, 0.0714285714286
3959, 0.031746031746
3960, 0.00793650793651
3961, 0.0555555555556
3962, 0.0396825396825
3963, 0.015873015873
3964, 0.0
3965, 0.0238095238095
3967, 0.0
3970, 0.00793650793651
3971, 0.0238095238095
3973, 0.00793650793651
3974, 0.0952380952381
3979, 0.031746031746
3981, 0.119047619048
3982, 0.0238095238095
3983, 0.00793650793651
3984, 0.0
3985, 0.00793650793651
3986, 0.0793650793651
3988, 0.031746031746
3991, 0.0
3996, 0.015873015873
3997, 0.15873015873
4000, 0.0
4001, 0.00793650793651
4004, 0.015873015873
4005, 0.0
4009, 0.0396825396825
4010, 0.00793650793651
4012, 0.0
4013, 0.0
4014, 0.0396825396825
4016, 0.00793650793651
4019, 0.492063492063
4020, 0.0634920634921
4021, 0.015873015873
4022, 0.015873015873
4023, 0.0714285714286
4024, 0.015873015873
4026, 0.015873015873
4030, 0.031746031746
4031, 0.0
4032, 0.031746031746
4034, 0.031746031746
4035, 0.00793650793651
4037, 0.00793650793651
4038, 0.0238095238095
4039, 0.0
4040, 0.0634920634921
4041, 0.0714285714286
4045, 0.0952380952381
4048, 0.00793650793651
4050, 0.015873015873
4051, 0.0396825396825
4053, 0.015873015873
4054, 0.18253968254
4056, 0.0634920634921
4057, 0.0
4058, 0.015873015873
4059, 0.0
4060, 0.00793650793651
4061, 0.0
4063, 0.015873015873
4065, 0.0
4068, 0.047619047619
4070, 0.00793650793651
4074, 0.0
4075, 0.111111111111
4077, 0.031746031746
4078, 0.0396825396825
4079, 0.0396825396825
4080, 0.015873015873
4081, 0.015873015873
4086, 0.0
4087, 0.0793650793651
4088, 0.111111111111
4090, 0.65873015873
4091, 0.0
4092, 0.0238095238095
4094, 0.206349206349
4095, 0.0714285714286
4097, 0.0
4098, 0.0
4099, 0.142857142857
4100, 0.0
4101, 0.031746031746
4102, 0.333333333333
4104, 0.0238095238095
4109, 0.0952380952381
4111, 0.0634920634921
4112, 0.0714285714286
4115, 0.0
4123, 0.00793650793651
4124, 0.0
4128, 0.047619047619
4130, 0.0238095238095
4131, 0.00793650793651
4133, 0.0396825396825
4134, 0.0555555555556
4135, 0.031746031746
4137, 0.0634920634921
4138, 0.031746031746
4140, 0.0
4142, 0.0396825396825
4143, 0.015873015873
4144, 0.031746031746
4145, 0.00793650793651
4147, 0.0
4149, 0.0555555555556
4152, 0.00793650793651
4153, 0.0238095238095
4156, 0.0714285714286
4157, 0.015873015873
4159, 0.126984126984
4160, 0.0
4161, 0.0555555555556
4164, 0.0
4172, 0.00793650793651
4173, 0.015873015873
4175, 0.047619047619
4176, 0.214285714286
4177, 0.0
4178, 0.0238095238095
4179, 0.134920634921
4180, 0.0555555555556
4181, 0.166666666667
4182, 0.0
4184, 0.0
4185, 0.0238095238095
4187, 0.00793650793651
4189, 0.0
4190, 0.142857142857
4191, 0.00793650793651
4192, 0.0238095238095
4194, 0.0873015873016
4195, 0.0
4196, 0.0
4200, 0.0
4201, 0.0
4202, 0.031746031746
4204, 0.15873015873
4209, 0.0714285714286
4211, 0.00793650793651
4212, 0.00793650793651
4218, 0.00793650793651
4219, 0.00793650793651
4221, 0.301587301587
4223, 0.0793650793651
4224, 0.119047619048
4226, 0.0793650793651
4229, 0.015873015873
4231, 0.0396825396825
4236, 0.0
4237, 0.0396825396825
4240, 0.0793650793651
4241, 0.0
4242, 0.00793650793651
4243, 0.00793650793651
4244, 0.103174603175
4245, 0.0
4246, 0.380952380952
4251, 0.015873015873
4253, 0.0
4254, 0.0238095238095
4255, 0.0793650793651
4256, 0.00793650793651
4257, 0.015873015873
4258, 0.0
4259, 0.00793650793651
4266, 0.015873015873
4268, 0.0
4269, 0.031746031746
4270, 0.015873015873
4271, 0.0238095238095
4272, 0.015873015873
4273, 0.579365079365
4275, 0.00793650793651
4276, 0.230158730159
4278, 0.0396825396825
4279, 0.0555555555556
4280, 0.031746031746
4282, 0.0
4283, 0.333333333333
4284, 0.420634920635
4287, 0.0
4288, 0.0793650793651
4289, 0.015873015873
4290, 0.0238095238095
4291, 0.34126984127
4293, 0.0238095238095
4294, 0.015873015873
4295, 0.0873015873016
4296, 0.126984126984
4297, 0.0634920634921
4299, 0.0
4300, 0.0
4302, 0.00793650793651
4303, 0.0
4305, 0.015873015873
4306, 0.0
4307, 0.0
4311, 0.00793650793651
4312, 0.0
4313, 0.0
4314, 0.0634920634921
4316, 0.00793650793651
4317, 0.0
4318, 0.0714285714286
4321, 0.428571428571
4323, 0.0396825396825
4324, 0.0793650793651
4325, 0.0
4326, 0.0
4330, 0.00793650793651
4331, 0.0238095238095
4333, 0.0
4334, 0.0238095238095
4335, 0.0
4336, 0.015873015873
4338, 0.0793650793651
4339, 0.0238095238095
4342, 0.031746031746
4344, 0.0396825396825
4347, 0.00793650793651
4348, 0.0634920634921
4350, 0.166666666667
4351, 0.111111111111
4352, 0.0634920634921
4353, 0.00793650793651
4354, 0.0
4356, 0.031746031746
4358, 0.00793650793651
4360, 0.015873015873
4361, 0.0
4364, 0.00793650793651
4365, 0.52380952381
4366, 0.0
4369, 0.0634920634921
4373, 0.0
4374, 0.126984126984
4375, 0.00793650793651
4377, 0.0
4378, 0.00793650793651
4379, 0.111111111111
4380, 0.0555555555556
4383, 0.015873015873
4384, 0.103174603175
4386, 0.0
4387, 0.0
4388, 0.0555555555556
4389, 0.166666666667
4390, 0.015873015873
4392, 0.222222222222
4394, 0.00793650793651
4395, 0.15873015873
4396, 0.0
4398, 0.047619047619
4399, 0.015873015873
4403, 0.0
4410, 0.00793650793651
4411, 0.0873015873016
4412, 0.047619047619
4414, 0.0
4415, 0.0
4417, 0.0
4419, 0.00793650793651
4420, 0.0
4421, 0.015873015873
4423, 0.00793650793651
4424, 0.0238095238095
4429, 0.015873015873
4430, 0.0793650793651
4431, 0.0555555555556
4434, 0.0396825396825
4441, 0.0
4443, 0.031746031746
4445, 0.031746031746
4448, 0.126984126984
4450, 0.0
4452, 0.015873015873
4454, 0.269841269841
4455, 0.015873015873
4456, 0.0714285714286
4457, 0.031746031746
4458, 0.0396825396825
4466, 0.0238095238095
4469, 0.0238095238095
4470, 0.0238095238095
4471, 0.047619047619
4472, 0.00793650793651
4474, 0.00793650793651
4482, 0.0555555555556
4485, 0.015873015873
4486, 0.0
4487, 0.0
4488, 0.0793650793651
4489, 0.0555555555556
4490, 0.031746031746
4492, 0.0
4494, 0.047619047619
4496, 0.0555555555556
4499, 0.0
4502, 0.0
4503, 0.190476190476
4504, 0.285714285714
4505, 0.0
4506, 0.0238095238095
4507, 0.0238095238095
4508, 0.015873015873
4509, 0.0238095238095
4512, 0.0
4513, 0.0873015873016
4514, 0.031746031746
4515, 0.0396825396825
4516, 0.00793650793651
4517, 0.111111111111
4518, 0.0238095238095
4520, 0.0
4521, 0.452380952381
4524, 0.0
4525, 0.0238095238095
4526, 0.119047619048
4527, 0.0238095238095
4528, 0.150793650794
4530, 0.0396825396825
4532, 0.126984126984
4534, 0.0
4535, 0.373015873016
4536, 0.174603174603
4541, 0.0
4544, 0.0952380952381
4545, 0.150793650794
4547, 0.0238095238095
4548, 0.0
4550, 0.0
4560, 0.0
4561, 0.0
4563, 0.0
4564, 0.0238095238095
4567, 0.0873015873016
4568, 0.0238095238095
4570, 0.0
4572, 0.0
4573, 0.00793650793651
4575, 0.031746031746
4576, 0.0238095238095
4577, 0.0793650793651
4578, 0.0
4581, 0.0
4582, 0.0
4583, 0.031746031746
4585, 0.00793650793651
4588, 0.134920634921
4589, 0.174603174603
4590, 0.142857142857
4592, 0.00793650793651
4593, 0.00793650793651
4594, 0.0
4597, 0.015873015873
4600, 0.00793650793651
4603, 0.0
4604, 0.015873015873
4607, 0.103174603175
4608, 0.00793650793651
4610, 0.0952380952381
4614, 0.0
4615, 0.238095238095
4617, 0.0555555555556
4618, 0.0
4619, 0.174603174603
4620, 0.031746031746
4621, 0.00793650793651
4622, 0.015873015873
4624, 0.0
4625, 0.0
4627, 0.015873015873
4632, 0.015873015873
4634, 0.0555555555556
4635, 0.0634920634921
4636, 0.0
4637, 0.0
4639, 0.00793650793651
4640, 0.0555555555556
4641, 0.142857142857
4642, 0.015873015873
4643, 0.0
4644, 0.00793650793651
4645, 0.015873015873
4646, 0.0
4648, 0.015873015873
4650, 0.0
4652, 0.00793650793651
4653, 0.0
4654, 0.111111111111
4655, 0.0
4656, 0.00793650793651
4657, 0.190476190476
4658, 0.0396825396825
4663, 0.0
4664, 0.015873015873
4665, 0.150793650794
4666, 0.0
4667, 0.00793650793651
4668, 0.0396825396825
4669, 0.00793650793651
4670, 0.0396825396825
4671, 0.198412698413
4672, 0.0
4675, 0.0634920634921
4676, 0.166666666667
4677, 0.00793650793651
4679, 0.0793650793651
4682, 0.0
4684, 0.0634920634921
4685, 0.0793650793651
4686, 0.031746031746
4689, 0.00793650793651
4690, 0.111111111111
4691, 0.0396825396825
4693, 0.00793650793651
4694, 0.0
4695, 0.0
4696, 0.015873015873
4697, 0.0
4699, 0.00793650793651
4700, 0.0952380952381
4701, 0.031746031746
4703, 0.174603174603
4704, 0.015873015873
4705, 0.246031746032
4707, 0.00793650793651
4708, 0.0
4710, 0.253968253968
4711, 0.0238095238095
4713, 0.015873015873
4714, 0.0396825396825
4715, 0.0
4716, 0.166666666667
4720, 0.015873015873
4721, 0.0952380952381
4722, 0.0873015873016
4723, 0.015873015873
4724, 0.015873015873
4725, 0.0396825396825
4726, 0.0555555555556
4731, 0.0238095238095
4732, 0.0714285714286
4734, 0.0
4737, 0.119047619048
4741, 0.0238095238095
4743, 0.0
4744, 0.0
4745, 0.00793650793651
4746, 0.015873015873
4747, 0.0634920634921
4750, 0.031746031746
4751, 0.0
4754, 0.0
4756, 0.031746031746
4758, 0.18253968254
4760, 0.015873015873
4765, 0.00793650793651
4766, 0.0
4768, 0.00793650793651
4769, 0.00793650793651
4770, 0.015873015873
4774, 0.603174603175
4775, 0.0
4776, 0.031746031746
4777, 0.00793650793651
4778, 0.0
4781, 0.00793650793651
4782, 0.0238095238095
4784, 0.0
4785, 0.0
4787, 0.0
4788, 0.0396825396825
4791, 0.0793650793651
4795, 0.0
4797, 0.222222222222
4799, 0.0952380952381
4801, 0.0238095238095
4802, 0.00793650793651
4805, 0.00793650793651
4807, 0.0
4809, 0.0
4810, 0.206349206349
4811, 0.0396825396825
4812, 0.0396825396825
4813, 0.0
4815, 0.0
4816, 0.015873015873
4817, 0.0
4818, 0.0238095238095
4820, 0.0
4821, 0.444444444444
4822, 0.00793650793651
4823, 0.0
4825, 0.047619047619
4829, 0.031746031746
4830, 0.047619047619
4831, 0.015873015873
4832, 0.0
4833, 0.015873015873
4834, 0.047619047619
4835, 0.047619047619
4836, 0.015873015873
4837, 0.0238095238095
4838, 0.0
4841, 0.0396825396825
4843, 0.0
4844, 0.047619047619
4847, 0.0
4855, 0.0
4856, 0.0634920634921
4857, 0.365079365079
4858, 0.603174603175
4861, 0.047619047619
4864, 0.0238095238095
4867, 0.238095238095
4868, 0.0396825396825
4870, 0.015873015873
4871, 0.142857142857
4874, 0.0238095238095
4877, 0.047619047619
4878, 0.015873015873
4879, 0.0793650793651
4880, 0.0238095238095
4882, 0.00793650793651
4884, 0.166666666667
4885, 0.0952380952381
4889, 0.0238095238095
4891, 0.119047619048
4892, 0.0
4893, 0.0
4894, 0.0
4895, 0.174603174603
4897, 0.00793650793651
4899, 0.15873015873
4901, 0.00793650793651
4902, 0.0555555555556
4903, 0.0714285714286
4905, 0.00793650793651
4906, 0.047619047619
4908, 0.031746031746
4910, 0.015873015873
4911, 0.00793650793651
4913, 0.0238095238095
4914, 0.015873015873
4915, 0.015873015873
4919, 0.00793650793651
4921, 0.539682539683
4924, 0.0
4926, 0.00793650793651
4927, 0.015873015873
4928, 0.047619047619
4929, 0.00793650793651
4930, 0.047619047619
4932, 0.0238095238095
4935, 0.00793650793651
4936, 0.142857142857
4940, 0.0793650793651
4942, 0.0
4945, 0.0
4946, 0.015873015873
4948, 0.0238095238095
4949, 0.047619047619
4950, 0.0238095238095
4952, 0.00793650793651
4954, 0.0
4955, 0.015873015873
4957, 0.190476190476
4959, 0.0714285714286
4960, 0.0
4962, 0.0
4963, 0.246031746032
4964, 0.0952380952381
4965, 0.333333333333
4966, 0.00793650793651
4967, 0.015873015873
4968, 0.00793650793651
4969, 0.031746031746
4971, 0.0
4972, 0.0238095238095
4975, 0.0
4977, 0.103174603175
4978, 0.00793650793651
4979, 0.0396825396825
4982, 0.047619047619
4986, 0.0
4987, 0.0
4988, 0.031746031746
4989, 0.0396825396825
4990, 0.00793650793651
4992, 0.0
4993, 0.0
4998, 0.0
5000, 0.00793650793651
5001, 0.103174603175
5003, 0.0873015873016
5005, 0.0634920634921
5006, 0.015873015873
5011, 0.0238095238095
5012, 0.015873015873
5013, 0.0
5016, 0.261904761905
5018, 0.00793650793651
5019, 0.0238095238095
5020, 0.031746031746
5021, 0.126984126984
5022, 0.0
5024, 0.00793650793651
5027, 0.0714285714286
5031, 0.0
5033, 0.0873015873016
5034, 0.0
5037, 0.0
5038, 0.00793650793651
5039, 0.0238095238095
5040, 0.015873015873
5041, 0.0634920634921
5042, 0.0
5045, 0.0
5047, 0.047619047619
5048, 0.0714285714286
5051, 0.103174603175
5052, 0.460317460317
5053, 0.0
5055, 0.031746031746
5058, 0.119047619048
5059, 0.031746031746
5061, 0.198412698413
5064, 0.0
5067, 0.0
5070, 0.00793650793651
5071, 0.015873015873
5072, 0.0
5074, 0.015873015873
5075, 0.0238095238095
5076, 0.0555555555556
5077, 0.00793650793651
5078, 0.015873015873
5081, 0.0873015873016
5083, 0.0
5084, 0.111111111111
5085, 0.0
5086, 0.0634920634921
5087, 0.015873015873
5088, 0.0714285714286
5089, 0.047619047619
5092, 0.0555555555556
5095, 0.0
5096, 0.0
5097, 0.031746031746
5098, 0.015873015873
5099, 0.031746031746
5101, 0.0238095238095
5102, 0.0396825396825
5104, 0.015873015873
5105, 0.015873015873
5106, 0.0
5107, 0.00793650793651
5108, 0.0396825396825
5109, 0.0
5110, 0.015873015873
5112, 0.0396825396825
5114, 0.031746031746
5115, 0.00793650793651
5117, 0.174603174603
5119, 0.0
5121, 0.0634920634921
5122, 0.0238095238095
5123, 0.0
5127, 0.0634920634921
5130, 0.00793650793651
5135, 0.214285714286
5136, 0.00793650793651
5137, 0.00793650793651
5139, 0.015873015873
5141, 0.0238095238095
5144, 0.0396825396825
5145, 0.015873015873
5148, 0.0
5149, 0.031746031746
5150, 0.0793650793651
5151, 0.00793650793651
5152, 0.0
5153, 0.015873015873
5155, 0.0238095238095
5156, 0.0396825396825
5158, 0.0
5160, 0.0
5162, 0.0634920634921
5164, 0.0396825396825
5166, 0.0
5167, 0.0
5168, 0.015873015873
5171, 0.00793650793651
5172, 0.031746031746
5173, 0.0873015873016
5174, 0.047619047619
5175, 0.00793650793651
5176, 0.015873015873
5178, 0.0396825396825
5179, 0.00793650793651
5184, 0.0
5185, 0.0
5187, 0.111111111111
5189, 0.0
5190, 0.0
5192, 0.015873015873
5193, 0.015873015873
5194, 0.0238095238095
5195, 0.0396825396825
5196, 0.00793650793651
5197, 0.0238095238095
5200, 0.0634920634921
5201, 0.0793650793651
5203, 0.0714285714286
5207, 0.0
5208, 0.00793650793651
5211, 0.00793650793651
5212, 0.00793650793651
5214, 0.00793650793651
5215, 0.015873015873
5217, 0.142857142857
5218, 0.047619047619
5219, 0.0
5220, 0.031746031746
5222, 0.0
5223, 0.031746031746
5224, 0.0
5225, 0.150793650794
5230, 0.253968253968
5232, 0.031746031746
5233, 0.0634920634921
5236, 0.0
5237, 0.0
5238, 0.0634920634921
5240, 0.031746031746
5241, 0.134920634921
5243, 0.00793650793651
5245, 0.0
5247, 0.047619047619
5248, 0.174603174603
5251, 0.00793650793651
5254, 0.031746031746
5258, 0.031746031746
5261, 0.00793650793651
5262, 0.18253968254
5264, 0.0555555555556
5265, 0.460317460317
5266, 0.0555555555556
5267, 0.047619047619
5268, 0.0
5269, 0.285714285714
5271, 0.00793650793651
5272, 0.0
5274, 0.142857142857
5276, 0.031746031746
5277, 0.0714285714286
5278, 0.111111111111
5280, 0.00793650793651
5288, 0.0396825396825
5294, 0.0714285714286
5296, 0.0
5297, 0.0
5304, 0.0
5307, 0.206349206349
5308, 0.015873015873
5310, 0.0
5312, 0.015873015873
5313, 0.214285714286
5316, 0.00793650793651
5318, 0.0
5319, 0.0873015873016
5324, 0.047619047619
5325, 0.031746031746
5326, 0.0
5328, 0.00793650793651
5331, 0.0634920634921
5332, 0.015873015873
5333, 0.015873015873
5335, 0.00793650793651
5337, 0.0
5338, 0.111111111111
5340, 0.015873015873
5342, 0.015873015873
5346, 0.031746031746
5348, 0.0238095238095
5349, 0.015873015873
5350, 0.00793650793651
5351, 0.031746031746
5353, 0.00793650793651
5355, 0.0
5359, 0.0
5362, 0.015873015873
5363, 0.0238095238095
5364, 0.111111111111
5366, 0.015873015873
5367, 0.00793650793651
5368, 0.031746031746
5369, 0.0238095238095
5370, 0.174603174603
5373, 0.119047619048
5375, 0.0396825396825
5376, 0.0
5377, 0.0
5378, 0.0714285714286
5379, 0.0396825396825
5381, 0.015873015873
5382, 0.031746031746
5383, 0.015873015873
5385, 0.00793650793651
5386, 0.015873015873
5389, 0.0396825396825
5391, 0.00793650793651
5392, 0.00793650793651
5393, 0.00793650793651
5394, 0.0238095238095
5397, 0.0238095238095
5398, 0.0238095238095
5402, 0.0
5403, 0.0
5405, 0.00793650793651
5406, 0.0
5407, 0.0238095238095
5408, 0.00793650793651
5409, 0.00793650793651
5411, 0.0
5416, 0.0
5422, 0.0793650793651
5424, 0.119047619048
5425, 0.0
5426, 0.0238095238095
5428, 0.0
5429, 0.0238095238095
5432, 0.103174603175
5434, 0.0
5438, 0.0238095238095
5439, 0.0793650793651
5440, 0.0
5441, 0.0238095238095
5443, 0.0238095238095
5444, 0.0238095238095
5446, 0.0634920634921
5450, 0.031746031746
5451, 0.0396825396825
5452, 0.119047619048
5455, 0.0
5456, 0.00793650793651
5458, 0.0952380952381
5459, 0.047619047619
5460, 0.047619047619
5461, 0.0
5462, 0.00793650793651
5463, 0.0
5464, 0.0
5466, 0.460317460317
5467, 0.00793650793651
5468, 0.0555555555556
5469, 0.031746031746
5470, 0.0
5471, 0.00793650793651
5472, 0.0
5474, 0.0
5475, 0.0
5476, 0.00793650793651
5480, 0.0
5481, 0.0238095238095
5483, 0.0
5485, 0.00793650793651
5490, 0.00793650793651
5492, 0.0793650793651
5493, 0.0238095238095
5494, 0.126984126984
5496, 0.0238095238095
5497, 0.198412698413
5498, 0.015873015873
5499, 0.0396825396825
5500, 0.015873015873
5501, 0.0396825396825
5502, 0.015873015873
5503, 0.0793650793651
5505, 0.0238095238095
5506, 0.253968253968
5507, 0.0
5508, 0.103174603175
5510, 0.0238095238095
5511, 0.00793650793651
5512, 0.0555555555556
5517, 0.0
5518, 0.0952380952381
5520, 0.0
5524, 0.015873015873
5525, 0.047619047619
5526, 0.0
5527, 0.0873015873016
5528, 0.015873015873
5532, 0.031746031746
5537, 0.00793650793651
5539, 0.00793650793651
5540, 0.00793650793651
5544, 0.0238095238095
5545, 0.0
5547, 0.142857142857
5549, 0.0
5551, 0.357142857143
5552, 0.0
5554, 0.031746031746
5555, 0.0
5556, 0.0
5560, 0.0
5561, 0.0714285714286
5563, 0.0
5565, 0.00793650793651
5568, 0.00793650793651
5570, 0.015873015873
5572, 0.0793650793651
5573, 0.00793650793651
5576, 0.230158730159
5578, 0.031746031746
5579, 0.0
5580, 0.015873015873
5583, 0.00793650793651
5584, 0.0714285714286
5585, 0.349206349206
5593, 0.0
5595, 0.0555555555556
5597, 0.134920634921
5598, 0.031746031746
5600, 0.0238095238095
5601, 0.00793650793651
5604, 0.047619047619
5605, 0.0555555555556
5606, 0.0
5610, 0.0
5611, 0.031746031746
5618, 0.166666666667
5619, 0.015873015873
5620, 0.047619047619
5622, 0.0
5626, 0.0634920634921
5627, 0.0634920634921
5630, 0.634920634921
5631, 0.119047619048
5632, 0.0
5633, 0.0873015873016
5635, 0.0
5637, 0.0793650793651
5638, 0.00793650793651
5639, 0.015873015873
5642, 0.0
5643, 0.309523809524
5645, 0.0
5646, 0.00793650793651
5647, 0.00793650793651
5648, 0.0714285714286
5650, 0.031746031746
5652, 0.015873015873
5653, 0.119047619048
5654, 0.230158730159
5656, 0.015873015873
5657, 0.015873015873
5659, 0.00793650793651
5662, 0.00793650793651
5665, 0.0555555555556
5666, 0.00793650793651
5667, 0.0634920634921
5668, 0.0238095238095
5674, 0.0634920634921
5675, 0.00793650793651
5676, 0.0
5682, 0.031746031746
5683, 0.00793650793651
5686, 0.015873015873
5687, 0.134920634921
5689, 0.0
5692, 0.0
5693, 0.111111111111
5696, 0.015873015873
5697, 0.126984126984
5698, 0.134920634921
5701, 0.015873015873
5704, 0.047619047619
5710, 0.0
5711, 0.0
5712, 0.00793650793651
5714, 0.0
5716, 0.0396825396825
5717, 0.00793650793651
5725, 0.0
5727, 0.015873015873
5729, 0.00793650793651
5730, 0.047619047619
5732, 0.150793650794
5733, 0.0238095238095
5736, 0.047619047619
5737, 0.0
5740, 0.00793650793651
5741, 0.00793650793651
5742, 0.0238095238095
5746, 0.015873015873
5747, 0.047619047619
5748, 0.404761904762
5751, 0.0
5753, 0.047619047619
5755, 0.031746031746
5756, 0.0238095238095
5757, 0.0714285714286
5763, 0.0
5766, 0.031746031746
5770, 0.0555555555556
5771, 0.468253968254
5773, 0.103174603175
5776, 0.0
5779, 0.0238095238095
5780, 0.0714285714286
5781, 0.015873015873
5783, 0.0
5784, 0.0555555555556
5786, 0.174603174603
5788, 0.00793650793651
5789, 0.047619047619
5794, 0.190476190476
5795, 0.0
5796, 0.015873015873
5799, 0.0714285714286
5804, 0.00793650793651
5805, 0.031746031746
5808, 0.00793650793651
5809, 0.0238095238095
5812, 0.0238095238095
5813, 0.031746031746
5814, 0.119047619048
5815, 0.00793650793651
5819, 0.0238095238095
5822, 0.0
5823, 0.0
5830, 0.15873015873
5832, 0.031746031746
5833, 0.404761904762
5834, 0.0238095238095
5837, 0.00793650793651
5838, 0.103174603175
5840, 0.126984126984
5841, 0.00793650793651
5843, 0.103174603175
5845, 0.0
5847, 0.142857142857
5848, 0.0238095238095
5852, 0.0396825396825
5853, 0.0238095238095
5857, 0.0
5860, 0.0
5861, 0.0
5862, 0.0
5863, 0.0
5864, 0.0
5865, 0.0
5866, 0.261904761905
5867, 0.047619047619
5868, 0.428571428571
5869, 0.0
5870, 0.0396825396825
5871, 0.00793650793651
5875, 0.015873015873
5877, 0.0
5878, 0.0
5879, 0.246031746032
5880, 0.0
5882, 0.00793650793651
5883, 0.031746031746
5884, 0.015873015873
5885, 0.00793650793651
5887, 0.047619047619
5889, 0.031746031746
5890, 0.0
5891, 0.0
5892, 0.00793650793651
5893, 0.00793650793651
5894, 0.0
5904, 0.0238095238095
5905, 0.0
5906, 0.0714285714286
5907, 0.0
5908, 0.047619047619
5909, 0.0
5911, 0.047619047619
5912, 0.015873015873
5913, 0.015873015873
5914, 0.0
5915, 0.015873015873
5918, 0.190476190476
5921, 0.00793650793651
5922, 0.00793650793651
5923, 0.015873015873
5924, 0.0
5925, 0.0238095238095
5926, 0.0555555555556
5927, 0.0396825396825
5928, 0.015873015873
5929, 0.595238095238
5933, 0.00793650793651
5937, 0.0952380952381
5938, 0.015873015873
5939, 0.0238095238095
5941, 0.0396825396825
5942, 0.0714285714286
5945, 0.0634920634921
5947, 0.031746031746
5948, 0.0
5951, 0.0
5952, 0.00793650793651
5954, 0.047619047619
5959, 0.031746031746
5961, 0.0714285714286
5962, 0.0
5965, 0.0
5966, 0.111111111111
5967, 0.00793650793651
5968, 0.0238095238095
5969, 0.0
5970, 0.015873015873
5972, 0.00793650793651
5973, 0.0
5976, 0.0
5978, 0.0
5979, 0.0714285714286
5980, 0.0
5981, 0.0238095238095
5984, 0.0793650793651
5987, 0.0
5988, 0.00793650793651
5989, 0.031746031746
5992, 0.00793650793651
5993, 0.0555555555556
5994, 0.222222222222
5995, 0.722222222222
5997, 0.0634920634921
5999, 0.0
6000, 0.00793650793651
6001, 0.031746031746
6002, 0.047619047619
6003, 0.0238095238095
6005, 0.00793650793651
6009, 0.0396825396825
6011, 0.333333333333
6012, 0.015873015873
6013, 0.0238095238095
6014, 0.230158730159
6016, 0.031746031746
6017, 0.00793650793651
6018, 0.015873015873
6019, 0.00793650793651
6020, 0.00793650793651
6021, 0.00793650793651
6024, 0.0
6026, 0.015873015873
6028, 0.00793650793651
6029, 0.00793650793651
6031, 0.015873015873
6034, 0.047619047619
6035, 0.0
6037, 0.0
6038, 0.0793650793651
6039, 0.0238095238095
6040, 0.0
6041, 0.0714285714286
6043, 0.0
6046, 0.00793650793651
6047, 0.0634920634921
6048, 0.0
6049, 0.126984126984
6050, 0.00793650793651
6053, 0.047619047619
6054, 0.0
6055, 0.0
6057, 0.0
6058, 0.0
6061, 0.0238095238095
6063, 0.0
6065, 0.00793650793651
6068, 0.047619047619
6074, 0.015873015873
6080, 0.0396825396825
6083, 0.047619047619
6085, 0.0
6087, 0.0
6088, 0.0873015873016
6089, 0.0
6091, 0.0
6092, 0.0396825396825
6094, 0.00793650793651
6096, 0.0396825396825
6097, 0.00793650793651
6100, 0.166666666667
6101, 0.0
6104, 0.0
6107, 0.31746031746
6108, 0.0
6109, 0.0396825396825
6112, 0.0396825396825
6113, 0.0238095238095
6115, 0.0
6117, 0.0634920634921
6118, 0.00793650793651
6122, 0.00793650793651
6123, 0.0238095238095
6124, 0.0
6128, 0.119047619048
6129, 0.0
6130, 0.0238095238095
6132, 0.0
6134, 0.0
6137, 0.0952380952381
6140, 0.00793650793651
6141, 0.015873015873
6144, 0.111111111111
6149, 0.0396825396825
6153, 0.0238095238095
6154, 0.0793650793651
6155, 0.0238095238095
6156, 0.0396825396825
6158, 0.00793650793651
6159, 0.0
6160, 0.00793650793651
6162, 0.0
6163, 0.0
6167, 0.642857142857
6168, 0.0
6170, 0.0
6171, 0.00793650793651
6172, 0.269841269841
6174, 0.00793650793651
6175, 0.166666666667
6176, 0.198412698413
6177, 0.00793650793651
6178, 0.031746031746
6182, 0.00793650793651
6183, 0.031746031746
6184, 0.0634920634921
6186, 0.0
6187, 0.015873015873
6190, 0.031746031746
6191, 0.119047619048
6193, 0.0555555555556
6195, 0.00793650793651
6197, 0.00793650793651
6198, 0.0
6201, 0.0555555555556
6204, 0.00793650793651
6206, 0.103174603175
6207, 0.126984126984
6210, 0.015873015873
6212, 0.00793650793651
6213, 0.015873015873
6217, 0.0555555555556
6219, 0.00793650793651
6221, 0.0
6222, 0.0
6223, 0.031746031746
6224, 0.0
6226, 0.0
6227, 0.0
6229, 0.111111111111
6230, 0.0
6232, 0.0793650793651
6233, 0.00793650793651
6234, 0.0
6235, 0.0714285714286
6236, 0.119047619048
6238, 0.015873015873
6240, 0.00793650793651
6241, 0.015873015873
6242, 0.0
6244, 0.0
6246, 0.238095238095
6247, 0.0
6249, 0.119047619048
6250, 0.357142857143
6251, 0.150793650794
6252, 0.0
6254, 0.119047619048
6257, 0.031746031746
6259, 0.015873015873
6261, 0.015873015873
6262, 0.0238095238095
6263, 0.00793650793651
6264, 0.0238095238095
6267, 0.0238095238095
6270, 0.0
6271, 0.134920634921
6272, 0.00793650793651
6273, 0.015873015873
6274, 0.0
6275, 0.0
6276, 0.015873015873
6277, 0.0
6279, 0.0
6281, 0.0
6282, 0.0
6283, 0.0
6284, 0.0
6285, 0.0238095238095
6286, 0.0
6287, 0.00793650793651
6289, 0.00793650793651
6291, 0.015873015873
6292, 0.0
6295, 0.0
6298, 0.0
6299, 0.00793650793651
6301, 0.0
6302, 0.0
6304, 0.00793650793651
6305, 0.031746031746
6306, 0.0
6308, 0.00793650793651
6310, 0.00793650793651
6313, 0.015873015873
6314, 0.0
6316, 0.230158730159
6317, 0.119047619048
6318, 0.531746031746
6319, 0.0
6321, 0.142857142857
6322, 0.0
6324, 0.00793650793651
6325, 0.00793650793651
6326, 0.0238095238095
6331, 0.00793650793651
6332, 0.00793650793651
6333, 0.015873015873
6334, 0.00793650793651
6335, 0.015873015873
6336, 0.00793650793651
6337, 0.0
6340, 0.015873015873
6344, 0.0
6351, 0.015873015873
6356, 0.174603174603
6359, 0.00793650793651
6362, 0.0952380952381
6365, 0.103174603175
6366, 0.0714285714286
6367, 0.166666666667
6369, 0.0
6370, 0.0873015873016
6371, 0.00793650793651
6373, 0.015873015873
6377, 0.0396825396825
6379, 0.0555555555556
6381, 0.0714285714286
6383, 0.0
6384, 0.047619047619
6386, 0.0396825396825
6387, 0.896825396825
6388, 0.0238095238095
6390, 0.00793650793651
6391, 0.0396825396825
6392, 0.0555555555556
6393, 0.103174603175
6394, 0.357142857143
6395, 0.00793650793651
6396, 0.0
6397, 0.0952380952381
6398, 0.031746031746
6403, 0.0
6404, 0.0
6406, 0.0
6407, 0.0396825396825
6409, 0.00793650793651
6411, 0.015873015873
6412, 0.00793650793651
6414, 0.00793650793651
6415, 0.0
6417, 0.015873015873
6418, 0.0555555555556
6420, 0.0
6421, 0.103174603175
6422, 0.0
6425, 0.111111111111
6427, 0.00793650793651
6428, 0.126984126984
6429, 0.0
6430, 0.00793650793651
6431, 0.0714285714286
6433, 0.0
6434, 0.0
6435, 0.0396825396825
6436, 0.730158730159
6440, 0.00793650793651
6441, 0.0238095238095
6442, 0.222222222222
6443, 0.0
6445, 0.031746031746
6447, 0.031746031746
6448, 0.0
6450, 0.00793650793651
6454, 0.706349206349
6456, 0.301587301587
6459, 0.0
6460, 0.0
6461, 0.0238095238095
6462, 0.0
6463, 0.00793650793651
6465, 0.0555555555556
6467, 0.285714285714
6468, 0.031746031746
6469, 0.15873015873
6471, 0.0
6473, 0.0873015873016
6474, 0.0
6475, 0.0396825396825
6477, 0.00793650793651
6479, 0.0634920634921
6481, 0.0238095238095
6482, 0.0
6485, 0.047619047619
6486, 0.0714285714286
6488, 0.015873015873
6489, 0.031746031746
6492, 0.706349206349
6493, 0.00793650793651
6495, 0.031746031746
6496, 0.00793650793651
6499, 0.468253968254
6500, 0.015873015873
6502, 0.00793650793651
6503, 0.015873015873
6504, 0.0714285714286
6505, 0.0
6507, 0.047619047619
6508, 0.103174603175
6516, 0.015873015873
6517, 0.126984126984
6518, 0.0
6522, 0.0952380952381
6523, 0.00793650793651
6524, 0.142857142857
6525, 0.015873015873
6526, 0.777777777778
6529, 0.0238095238095
6530, 0.111111111111
6531, 0.031746031746
6533, 0.0
6539, 0.0
6541, 0.0
6542, 0.031746031746
6543, 0.031746031746
6544, 0.0555555555556
6545, 0.015873015873
6546, 0.0396825396825
6547, 0.047619047619
6548, 0.015873015873
6549, 0.0238095238095
6550, 0.0
6551, 0.00793650793651
6552, 0.134920634921
6553, 0.166666666667
6554, 0.547619047619
6558, 0.0
6560, 0.00793650793651
6561, 0.00793650793651
6564, 0.0
6565, 0.00793650793651
6567, 0.015873015873
6570, 0.00793650793651
6571, 0.0714285714286
6572, 0.031746031746
6573, 0.166666666667
6575, 0.365079365079
6576, 0.00793650793651
6577, 0.111111111111
6578, 0.0
6580, 0.0396825396825
6582, 0.134920634921
6584, 0.0238095238095
6585, 0.031746031746
6586, 0.00793650793651
6590, 0.0238095238095
6591, 0.0634920634921
6592, 0.0238095238095
6593, 0.00793650793651
6597, 0.0
6598, 0.0396825396825
6599, 0.00793650793651
6600, 0.00793650793651
6602, 0.0
6604, 0.00793650793651
6607, 0.0396825396825
6608, 0.00793650793651
6610, 0.166666666667
6611, 0.373015873016
6612, 0.00793650793651
6613, 0.015873015873
6614, 0.626984126984
6618, 0.031746031746
6621, 0.111111111111
6622, 0.0396825396825
6623, 0.0634920634921
6625, 0.015873015873
6626, 0.031746031746
6628, 0.0
6631, 0.031746031746
6632, 0.0
6633, 0.0
6634, 0.388888888889
6635, 0.015873015873
6637, 0.0
6638, 0.00793650793651
6639, 0.0
6643, 0.00793650793651
6647, 0.047619047619
6648, 0.0238095238095
6653, 0.015873015873
6656, 0.0793650793651
6658, 0.0
6660, 0.0714285714286
6663, 0.047619047619
6665, 0.0873015873016
6667, 0.119047619048
6669, 0.0
6672, 0.0793650793651
6674, 0.015873015873
6676, 0.00793650793651
6677, 0.190476190476
6678, 0.0238095238095
6680, 0.0634920634921
6682, 0.031746031746
6683, 0.0873015873016
6685, 0.0396825396825
6686, 0.0
6688, 0.031746031746
6697, 0.0396825396825
6698, 0.0238095238095
6699, 0.00793650793651
6700, 0.0
6703, 0.047619047619
6705, 0.190476190476
6706, 0.0
6708, 0.047619047619
6711, 0.0
6714, 0.015873015873
6715, 0.0238095238095
6716, 0.00793650793651
6719, 0.0
6721, 0.00793650793651
6724, 0.0
6725, 0.0952380952381
6729, 0.00793650793651
6730, 0.015873015873
6731, 0.0
6735, 0.00793650793651
6736, 0.0238095238095
6737, 0.0793650793651
6739, 0.0714285714286
6740, 0.0714285714286
6741, 0.0873015873016
6744, 0.0238095238095
6746, 0.015873015873
6747, 0.0238095238095
6749, 0.15873015873
6750, 0.0
6753, 0.015873015873
6754, 0.00793650793651
6756, 0.0
6758, 0.00793650793651
6761, 0.126984126984
6762, 0.0
6764, 0.00793650793651
6769, 0.0
6770, 0.00793650793651
6771, 0.0238095238095
6772, 0.0634920634921
6773, 0.0555555555556
6774, 0.507936507937
6775, 0.00793650793651
6776, 0.0
6778, 0.015873015873
6779, 0.0952380952381
6780, 0.031746031746
6784, 0.015873015873
6787, 0.00793650793651
6788, 0.0555555555556
6790, 0.119047619048
6791, 0.0793650793651
6793, 0.015873015873
6794, 0.0634920634921
6796, 0.0
6798, 0.0
6799, 0.150793650794
6801, 0.0
6804, 0.00793650793651
6805, 0.0
6806, 0.015873015873
6807, 0.00793650793651
6809, 0.0
6810, 0.00793650793651
6811, 0.0952380952381
6812, 0.00793650793651
6813, 0.015873015873
6815, 0.0238095238095
6818, 0.047619047619
6819, 0.015873015873
6820, 0.0
6821, 0.0238095238095
6822, 0.0
6825, 0.0
6826, 0.015873015873
6827, 0.119047619048
6828, 0.0634920634921
6830, 0.00793650793651
6831, 0.031746031746
6832, 0.0396825396825
6836, 0.00793650793651
6839, 0.150793650794
6840, 0.119047619048
6841, 0.0
6846, 0.0
6848, 0.0634920634921
6849, 0.0238095238095
6851, 0.00793650793651
6852, 0.031746031746
6853, 0.0396825396825
6854, 0.047619047619
6856, 0.0396825396825
6857, 0.0
6860, 0.0714285714286
6861, 0.00793650793651
6863, 0.00793650793651
6864, 0.047619047619
6865, 0.0
6866, 0.00793650793651
6868, 0.0
6870, 0.603174603175
6871, 0.0634920634921
6873, 0.015873015873
6875, 0.00793650793651
6876, 0.0
6877, 0.00793650793651
6881, 0.0873015873016
6882, 0.00793650793651
6883, 0.174603174603
6884, 0.0
6885, 0.015873015873
6886, 0.0793650793651
6889, 0.0238095238095
6890, 0.253968253968
6892, 0.015873015873
6894, 0.0
6895, 0.00793650793651
6900, 0.0
6901, 0.15873015873
6902, 0.0
6903, 0.0873015873016
6905, 0.015873015873
6906, 0.00793650793651
6908, 0.0
6910, 0.0
6911, 0.0238095238095
6913, 0.0
6914, 0.00793650793651
6915, 0.0
6918, 0.0952380952381
6919, 0.0952380952381
6920, 0.15873015873
6921, 0.261904761905
6922, 0.00793650793651
6923, 0.0
6924, 0.0793650793651
6928, 0.015873015873
6930, 0.142857142857
6934, 0.00793650793651
6938, 0.0396825396825
6940, 0.0793650793651
6941, 0.0555555555556
6942, 0.00793650793651
6943, 0.0238095238095
6944, 0.0555555555556
6947, 0.0396825396825
6949, 0.00793650793651
6951, 0.0
6953, 0.00793650793651
6954, 0.0
6957, 0.0
6959, 0.0238095238095
6961, 0.0
6962, 0.0952380952381
6964, 0.15873015873
6966, 0.031746031746
6967, 0.126984126984
6968, 0.0
6969, 0.015873015873
6970, 0.00793650793651
6971, 0.0793650793651
6972, 0.00793650793651
6974, 0.0714285714286
6975, 0.103174603175
6976, 0.0
6977, 0.0
6978, 0.031746031746
6980, 0.0
6981, 0.0
6982, 0.0952380952381
6984, 0.0793650793651
6986, 0.97619047619
6987, 0.0
6989, 0.00793650793651
6992, 0.293650793651
6995, 0.166666666667
6996, 0.0396825396825
7000, 0.0714285714286
7002, 0.015873015873
7003, 0.0
7004, 0.00793650793651
7005, 0.0555555555556
7011, 0.0
7013, 0.00793650793651
7014, 0.0396825396825
7017, 0.0238095238095
7019, 0.0
7021, 0.0
7022, 0.0
7024, 0.0555555555556
7025, 0.0
7026, 0.0
7027, 0.0396825396825
7033, 0.0238095238095
7036, 0.0238095238095
7037, 0.031746031746
7039, 0.0952380952381
7040, 0.0
7041, 0.0555555555556
7046, 0.111111111111
7049, 0.84126984127
7050, 0.015873015873
7053, 0.0238095238095
7054, 0.031746031746
7055, 0.103174603175
7056, 0.031746031746
7057, 0.015873015873
7059, 0.0
7063, 0.0
7066, 0.015873015873
7068, 0.0634920634921
7069, 0.015873015873
7070, 0.015873015873
7072, 0.111111111111
7073, 0.015873015873
7075, 0.0238095238095
7076, 0.18253968254
7078, 0.0
7080, 0.190476190476
7081, 0.031746031746
7082, 0.015873015873
7084, 0.0
7085, 0.015873015873
7086, 0.0
7088, 0.0
7090, 0.00793650793651
7091, 0.0
7092, 0.103174603175
7093, 0.00793650793651
7095, 0.00793650793651
7097, 0.00793650793651
7100, 0.0
7102, 0.00793650793651
7105, 0.119047619048
7106, 0.0
7107, 0.0
7108, 0.047619047619
7109, 0.0555555555556
7110, 0.0
7111, 0.0
7113, 0.0714285714286
7114, 0.015873015873
7115, 0.0396825396825
7117, 0.0396825396825
7119, 0.0
7121, 0.015873015873
7122, 0.0555555555556
7125, 0.0238095238095
7127, 0.119047619048
7130, 0.0
7133, 0.0
7134, 0.00793650793651
7135, 0.0
7136, 0.015873015873
7137, 0.0
7141, 0.00793650793651
7142, 0.0
7143, 0.00793650793651
7144, 0.047619047619
7147, 0.0
7148, 0.0
7149, 0.0634920634921
7150, 0.015873015873
7151, 0.0873015873016
7152, 0.00793650793651
7154, 0.0396825396825
7159, 0.015873015873
7162, 0.00793650793651
7163, 0.380952380952
7165, 0.0
7172, 0.142857142857
7175, 0.015873015873
7177, 0.0873015873016
7179, 0.0793650793651
7181, 0.198412698413
7183, 0.0634920634921
7184, 0.015873015873
7185, 0.206349206349
7188, 0.0
7190, 0.0
7191, 0.0714285714286
7193, 0.031746031746
7196, 0.293650793651
7200, 0.0
7203, 0.0
7204, 0.0238095238095
7205, 0.0396825396825
7206, 0.015873015873
7207, 0.015873015873
7209, 0.031746031746
7216, 0.0238095238095
7217, 0.00793650793651
7218, 0.0
7220, 0.0238095238095
7225, 0.0793650793651
7233, 0.0873015873016
7234, 0.0555555555556
7235, 0.00793650793651
7237, 0.00793650793651
7239, 0.0793650793651
7240, 0.00793650793651
7241, 0.0396825396825
7243, 0.0238095238095
7245, 0.531746031746
7246, 0.00793650793651
7247, 0.0
7248, 0.0555555555556
7249, 0.0634920634921
7250, 0.031746031746
7251, 0.0
7252, 0.428571428571
7253, 0.0238095238095
7255, 0.0238095238095
7259, 0.015873015873
7262, 0.031746031746
7264, 0.015873015873
7267, 0.119047619048
7268, 0.00793650793651
7269, 0.00793650793651
7272, 0.0396825396825
7273, 0.031746031746
7274, 0.111111111111
7278, 0.0634920634921
7280, 0.00793650793651
7281, 0.0634920634921
7283, 0.0
7286, 0.047619047619
7287, 0.031746031746
7289, 0.0238095238095
7291, 0.0
7293, 0.0
7294, 0.0555555555556
7295, 0.0238095238095
7298, 0.00793650793651
7301, 0.111111111111
7303, 0.126984126984
7305, 0.00793650793651
7306, 0.0238095238095
7312, 0.0
7313, 0.0
7315, 0.0714285714286
7316, 0.0396825396825
7318, 0.0952380952381
7320, 0.0396825396825
7321, 0.18253968254
7322, 0.031746031746
7323, 0.0
7325, 0.238095238095
7326, 0.0
7327, 0.0873015873016
7328, 0.0238095238095
7329, 0.031746031746
7332, 0.253968253968
7333, 0.0
7334, 0.031746031746
7336, 0.0
7337, 0.18253968254
7340, 0.214285714286
7341, 0.0238095238095
7342, 0.0238095238095
7343, 0.214285714286
7344, 0.0634920634921
7346, 0.047619047619
7347, 0.0396825396825
7349, 0.00793650793651
7352, 0.0238095238095
7354, 0.015873015873
7355, 0.015873015873
7356, 0.0238095238095
7359, 0.031746031746
7362, 0.015873015873
7363, 0.031746031746
7364, 0.031746031746
7366, 0.0793650793651
7368, 0.0
7370, 0.0555555555556
7371, 0.0238095238095
7372, 0.0238095238095
7373, 0.00793650793651
7375, 0.52380952381
7376, 0.0396825396825
7377, 0.0
7378, 0.00793650793651
7380, 0.0
7381, 0.0
7386, 0.031746031746
7387, 0.031746031746
7388, 0.0
7389, 0.00793650793651
7390, 0.126984126984
7391, 0.0555555555556
7393, 0.015873015873
7394, 0.325396825397
7398, 0.047619047619
7399, 0.0873015873016
7400, 0.0
7401, 0.0
7402, 0.0
7406, 0.0238095238095
7407, 0.0793650793651
7409, 0.015873015873
7410, 0.031746031746
7411, 0.0
7414, 0.00793650793651
7415, 0.0
7416, 0.0396825396825
7418, 0.047619047619
7420, 0.0238095238095
7421, 0.0
7422, 0.0
7424, 0.0
7425, 0.047619047619
7428, 0.134920634921
7429, 0.0
7430, 0.0
7431, 0.579365079365
7433, 0.031746031746
7435, 0.015873015873
7436, 0.119047619048
7437, 0.0396825396825
7440, 0.0
7442, 0.0
7443, 0.0
