"ID","Q41","Q42","Q43","Q44","Q45","Q46","Q47"
1002,0,0,0,1,0,0,0
1003,0,0,0,1,0,0,0
1004,0,0,1,0,0,0,0
1005,0,0,0,1,0,0,0
1008,0,0,0,1,0,0,0
1013,0,0,1,0,0,0,0
1015,1,0,1,0,0,0,0
1017,0,0,1,0,0,0,0
1018,0,0,0,1,0,0,0
1020,0,0,1,0,0,0,0
1022,0,0,0,1,0,0,0
1024,0,0,0,1,0,0,0
1025,0,0,0,1,0,0,0
1027,0,0,0,1,0,0,0
1029,0,0,1,0,0,0,0
1031,0,0,0,1,1,0,0
1032,0,0,1,0,0,0,0
1033,0,0,0,1,0,0,0
1034,0,0,0,1,1,0,0
1036,0,1,1,0,0,0,0
1039,0,0,0,1,1,0,0
1041,0,0,0,1,0,0,0
1042,0,0,1,0,0,0,0
1043,0,1,0,1,0,0,0
1044,0,0,0,1,0,0,0
1045,0,0,1,0,0,0,0
1046,0,0,0,1,0,0,0
1047,0,0,0,0,1,0,0
1048,1,0,0,0,0,0,0
1049,1,0,0,0,0,0,0
1051,0,0,0,1,0,0,0
1052,0,0,1,0,0,0,0
1053,0,0,0,1,0,0,0
1054,0,0,1,0,0,0,0
1055,0,0,0,1,0,0,0
1057,0,0,0,1,0,0,0
1058,0,0,1,0,0,0,0
1059,0,0,0,1,0,0,0
1060,0,0,0,1,1,0,0
1061,0,0,0,1,0,0,0
1062,0,0,0,0,1,0,0
1064,0,0,0,0,1,0,0
1065,0,0,0,1,0,0,0
1067,0,0,0,1,1,0,0
1069,0,0,0,1,0,0,0
1072,0,0,0,1,0,0,0
1073,0,0,0,1,0,0,0
1075,0,0,0,1,0,0,0
1076,0,0,0,1,0,0,0
1077,0,0,0,1,0,0,0
1078,0,0,0,1,1,0,0
1079,0,0,0,1,0,0,0
1081,0,0,1,0,0,0,0
1082,0,0,0,1,0,0,0
1083,0,0,0,1,0,0,0
1086,0,0,1,0,0,0,0
1089,0,0,0,1,0,0,0
1091,0,1,1,0,0,0,0
1092,0,0,0,1,0,0,0
1093,0,0,0,1,0,0,0
1094,0,0,1,0,0,0,0
1096,0,0,0,1,0,0,0
1097,0,0,0,1,1,0,0
1098,0,0,1,0,0,0,0
1099,0,0,0,0,1,0,0
1100,0,0,1,0,0,0,0
1102,0,0,0,1,0,0,0
1106,0,0,1,0,0,0,0
1107,0,0,0,0,1,0,0
1108,0,0,0,1,0,0,0
1109,0,0,0,1,0,0,0
1110,1,0,0,1,0,0,0
1112,0,0,0,1,0,0,0
1115,0,0,1,0,0,0,0
1120,0,0,1,0,0,0,0
1121,0,0,0,1,0,0,0
1122,0,0,1,0,0,0,0
1123,0,0,1,0,0,0,0
1124,0,0,1,0,0,1,0
1126,0,0,0,1,0,0,0
1127,0,0,0,1,0,0,0
1130,0,0,0,1,0,0,0
1132,0,0,0,1,0,0,0
1133,0,0,1,0,0,0,0
1134,0,0,0,1,0,0,0
1135,0,0,0,1,0,0,0
1136,0,0,0,1,0,0,0
1138,0,0,0,1,0,0,0
1139,0,0,1,1,0,0,0
1140,0,0,0,0,1,0,0
1141,0,0,0,1,0,0,0
1143,0,0,0,1,1,0,0
1144,0,0,0,1,0,0,0
1150,0,0,1,0,0,0,0
1152,0,0,0,0,1,0,0
1153,0,0,1,0,0,0,0
1154,0,1,1,0,0,0,0
1156,0,0,0,1,1,0,0
1157,0,0,0,0,1,0,0
1158,0,0,0,1,0,0,0
1159,0,0,0,1,1,0,0
1160,0,0,0,1,1,0,0
1161,1,1,0,1,0,0,0
1162,0,0,0,0,1,0,0
1164,0,0,1,0,0,0,0
1165,0,0,0,1,0,0,0
1166,0,0,0,0,1,0,0
1168,0,0,0,1,0,0,0
1170,0,0,0,1,0,0,0
1173,0,0,0,1,0,0,0
1174,0,0,0,1,0,0,0
1176,1,0,0,1,0,0,0
1178,1,0,0,0,1,0,0
1179,0,0,0,1,0,0,0
1180,0,0,0,1,0,0,0
1182,0,0,1,0,0,0,0
1183,0,0,1,0,0,0,0
1184,0,1,0,0,1,0,0
1185,0,0,0,1,0,0,0
1186,0,0,0,1,0,0,0
1188,0,0,0,1,0,0,0
1190,0,0,0,1,0,0,0
1191,0,0,0,1,0,0,0
1194,1,0,0,1,1,0,0
1195,0,0,0,0,1,0,0
1196,0,0,0,1,0,0,0
1197,0,0,1,0,0,0,0
1198,0,0,1,0,0,0,0
1199,0,0,0,1,1,0,0
1200,0,0,0,1,1,0,0
1202,0,0,1,0,0,0,0
1203,0,0,0,1,1,0,0
1204,0,0,0,1,1,0,0
1205,0,0,0,0,1,0,0
1206,0,0,1,0,0,0,0
1209,0,0,0,1,0,0,0
1211,0,0,0,1,1,0,0
1212,0,0,0,1,0,0,0
1219,0,0,1,0,0,0,0
1221,0,0,0,1,1,0,0
1222,0,0,0,1,1,0,0
1223,0,0,1,0,0,0,0
1224,0,0,0,1,0,0,0
1225,0,0,1,0,1,0,0
1226,0,0,0,0,1,0,0
1227,0,0,0,1,0,0,0
1229,0,0,0,1,1,0,0
1230,0,0,0,1,0,0,0
1231,0,0,0,1,0,0,0
1233,0,0,0,1,0,0,0
1234,0,0,0,1,0,0,0
1235,0,0,1,0,0,0,0
1236,0,0,1,0,0,0,0
1238,0,0,0,1,0,0,0
1239,0,0,0,0,1,0,0
1241,0,0,0,0,1,0,0
1243,0,0,1,0,0,0,0
1244,0,0,1,0,0,0,0
1245,0,0,0,1,0,0,0
1246,0,0,1,0,0,0,0
1247,1,0,0,1,1,0,0
1249,0,0,0,1,0,0,0
1250,0,0,0,0,1,0,0
1251,0,0,0,1,0,0,0
1255,0,0,1,0,0,0,0
1257,0,0,0,1,0,0,0
1259,0,0,0,0,1,0,0
1260,0,0,1,0,0,0,0
1262,0,1,0,0,0,0,0
1263,0,0,0,1,0,0,0
1264,0,0,0,1,1,0,0
1265,0,0,1,0,0,0,0
1266,0,0,1,0,0,0,0
1267,0,0,0,1,0,0,0
1268,0,0,0,1,0,0,0
1269,0,0,0,1,0,0,0
1270,0,0,0,1,0,0,0
1271,0,0,0,1,0,0,0
1274,0,0,0,1,0,0,0
1275,0,0,1,0,0,0,0
1276,0,0,0,1,0,0,0
1277,0,0,1,0,0,0,0
1278,0,0,0,1,0,0,0
1279,0,0,1,0,0,0,0
1280,0,0,1,0,0,0,0
1281,0,0,0,1,0,0,0
1283,0,0,0,1,1,0,0
1284,0,0,0,0,0,0,1
1286,0,0,1,0,0,0,0
1288,0,0,1,0,0,0,0
1291,0,0,0,1,0,0,0
1293,1,0,0,0,0,0,0
1294,0,0,0,1,1,0,0
1295,0,0,0,1,0,0,0
1296,0,0,0,0,1,0,0
1299,0,0,0,1,0,0,0
1300,0,0,0,1,1,0,0
1301,0,0,0,0,1,0,0
1302,0,1,1,0,0,0,0
1303,0,0,0,0,1,0,0
1305,0,0,1,0,0,0,0
1306,1,0,0,1,0,0,0
1308,0,0,1,0,0,0,0
1309,0,0,0,1,1,0,0
1310,0,0,0,1,1,0,0
1311,0,0,0,0,1,0,0
1313,0,0,1,0,0,0,0
1314,0,0,0,1,0,0,0
1315,0,0,1,0,0,0,0
1317,0,0,0,1,0,0,0
1319,0,0,1,0,0,0,0
1321,0,0,0,1,1,0,0
1322,0,0,0,1,1,0,0
1323,0,0,1,0,0,0,0
1324,0,0,1,0,0,0,0
1325,0,0,0,1,1,0,0
1326,0,0,0,1,0,0,0
1328,0,0,0,1,0,0,0
1329,1,1,0,0,0,0,0
1331,0,0,0,1,0,0,0
1334,0,0,0,1,0,0,0
1336,0,0,1,0,0,0,0
1337,0,0,1,0,0,0,0
1338,0,0,0,1,0,0,0
1339,0,0,0,1,1,0,0
1341,1,0,0,1,0,0,0
1342,0,0,0,1,0,0,0
1343,0,0,0,1,1,0,0
1346,0,0,0,1,1,0,0
1347,0,0,1,0,0,0,0
1348,0,0,0,1,0,0,0
1350,0,0,0,1,0,0,0
1353,0,0,0,1,0,0,0
1357,0,0,0,1,1,0,0
1359,0,0,0,1,1,0,0
1360,0,0,0,1,0,0,0
1361,0,0,1,0,0,0,0
1362,1,0,0,0,0,0,0
1364,0,1,0,0,1,0,0
1365,0,0,1,1,0,0,0
1366,0,1,0,0,0,0,0
1371,0,0,0,1,0,0,0
1372,0,0,0,1,0,0,0
1373,0,0,0,1,1,0,0
1374,0,0,0,1,0,0,0
1376,0,0,0,1,1,0,0
1377,0,0,0,1,0,0,0
1379,0,0,0,1,1,0,0
1380,0,0,1,0,0,0,0
1382,0,1,0,0,0,0,0
1383,0,0,1,0,0,0,0
1384,0,0,1,0,0,0,0
1385,0,0,1,0,0,0,0
1388,0,0,0,1,1,0,0
1389,0,0,1,0,0,0,0
1390,0,0,0,1,0,0,0
1394,0,0,0,1,0,0,0
1395,0,0,0,0,1,0,0
1397,0,0,1,0,0,0,0
1398,0,1,0,0,1,0,0
1399,0,0,1,0,0,0,0
1402,0,0,0,1,0,0,0
1403,0,0,0,1,0,0,0
1404,0,0,1,0,0,0,0
1405,0,0,1,0,0,0,0
1406,0,0,0,1,0,0,0
1407,0,0,0,1,0,0,0
1409,0,0,1,0,0,0,0
1410,0,0,1,0,0,0,0
1413,0,0,0,1,0,0,0
1416,0,0,0,1,0,0,0
1418,0,0,0,1,0,0,0
1420,0,0,0,1,0,0,0
1421,0,0,0,0,1,0,0
1425,0,0,1,0,0,0,0
1426,0,0,0,1,0,0,0
1428,0,0,0,1,0,0,0
1429,0,0,1,0,0,0,0
1430,0,0,0,1,0,0,0
1431,0,0,0,1,0,0,0
1436,0,0,0,1,0,0,0
1437,0,0,0,1,1,0,0
1438,0,0,0,1,1,0,0
1440,0,0,1,0,0,0,0
1441,0,0,0,1,0,0,0
1444,0,0,0,1,0,0,0
1446,0,0,0,1,1,0,0
1449,0,1,0,0,1,0,0
1450,1,0,0,0,0,0,0
1451,0,0,0,1,0,0,0
1452,0,0,0,1,0,0,0
1458,0,0,0,1,1,0,0
1459,0,0,0,1,0,0,0
1460,1,0,0,0,0,0,0
1461,0,0,0,1,0,0,0
1463,0,0,0,1,1,0,0
1464,0,0,0,1,0,0,0
1466,0,0,1,0,0,0,0
1468,0,0,0,1,1,0,0
1469,0,0,1,0,0,0,0
1470,0,0,0,1,1,0,0
1471,0,0,1,0,0,0,0
1472,1,0,0,1,1,0,0
1479,0,0,0,1,0,0,0
1481,0,0,0,1,1,0,0
1483,0,0,0,1,0,0,0
1484,0,0,0,1,1,0,0
1485,0,0,0,1,0,0,0
1486,0,0,1,0,0,0,0
1487,0,0,0,0,1,0,0
1491,1,0,1,0,0,0,0
1492,0,0,0,1,0,0,0
1493,1,0,0,1,0,0,0
1494,0,0,0,1,0,0,0
1497,0,0,0,1,0,0,0
1498,0,0,0,1,1,0,0
1499,0,0,0,0,1,0,0
1500,0,0,0,1,0,0,0
1501,0,0,1,1,0,0,0
1502,0,0,1,0,0,0,0
1504,0,0,0,1,1,0,0
1505,0,0,1,0,0,0,0
1506,0,0,1,0,0,0,0
1507,0,0,0,0,1,0,0
1508,1,0,0,0,0,0,0
1509,0,0,1,0,0,0,0
1510,0,0,0,1,0,0,0
1512,0,0,0,1,0,0,0
1513,0,0,0,1,1,0,0
1516,0,0,1,0,0,0,0
1517,0,1,0,1,0,0,0
1523,0,0,0,1,0,0,0
1526,0,0,1,0,0,0,0
1529,0,0,0,1,0,0,0
1530,0,0,1,0,0,0,0
1531,0,0,1,0,0,0,0
1533,0,0,0,0,1,0,0
1534,0,0,1,0,0,0,0
1535,0,0,1,0,0,0,0
1536,0,0,0,1,0,0,0
1537,0,1,1,0,0,0,0
1539,1,0,0,0,0,0,0
1540,0,0,0,1,0,0,0
1541,0,0,1,1,0,0,0
1543,0,0,1,0,0,0,0
1545,0,0,0,1,0,0,0
1547,0,0,1,0,0,0,0
1548,0,0,0,1,0,0,0
1549,0,0,0,0,1,0,0
1550,0,0,0,1,0,0,0
1551,0,0,0,1,0,0,0
1552,0,0,0,1,0,0,0
1553,0,0,0,1,0,0,0
1555,0,1,1,0,0,0,0
1556,0,0,1,0,0,0,0
1557,0,0,0,1,1,0,0
1558,0,1,0,0,1,0,0
1559,1,0,1,0,0,0,0
1561,0,0,0,1,0,0,0
1564,0,0,0,1,0,0,0
1565,0,0,0,1,0,0,0
1566,0,0,0,1,1,0,0
1567,0,1,0,1,1,0,0
1569,0,0,0,0,1,0,0
1572,0,0,0,1,0,0,0
1573,0,0,0,1,0,0,0
1574,0,0,1,0,0,0,0
1575,0,0,0,1,0,0,0
1576,0,0,0,1,1,0,0
1577,0,0,1,0,0,0,0
1578,0,0,0,1,1,0,0
1581,0,0,0,0,1,0,0
1582,0,0,0,1,1,0,0
1586,0,0,1,0,0,0,0
1587,0,0,0,1,0,0,0
1588,0,0,0,1,0,0,0
1590,0,0,0,1,0,0,0
1592,0,0,0,1,0,0,0
1593,1,0,0,0,0,0,0
1594,0,0,0,1,1,0,0
1596,0,0,0,1,0,0,0
1598,0,0,0,1,0,0,0
1599,0,0,0,1,0,0,0
1600,0,0,1,0,0,0,0
1603,0,1,0,0,0,0,0
1604,0,0,0,1,0,0,0
1605,0,0,1,0,0,0,0
1606,0,0,0,0,1,0,0
1607,0,0,0,1,0,0,0
1608,0,0,0,1,0,0,0
1609,0,0,0,1,0,0,0
1610,0,0,1,0,0,0,0
1612,0,0,0,1,0,0,0
1613,1,0,0,1,0,0,0
1615,0,0,0,1,0,0,0
1616,0,0,1,0,0,0,0
1618,0,0,0,1,0,0,0
1623,0,0,0,1,0,0,0
1624,0,0,1,0,1,0,0
1627,0,0,0,1,0,0,0
1628,0,0,1,0,0,0,0
1629,0,0,0,1,0,0,0
1630,0,0,0,1,0,0,0
1631,1,0,0,0,1,0,0
1632,0,0,1,0,0,0,0
1633,0,0,0,1,0,0,0
1634,0,0,0,1,0,0,0
1635,0,0,0,1,0,0,0
1636,0,0,0,0,1,0,0
1638,0,0,0,1,0,0,0
1640,0,0,0,1,1,0,0
1641,0,0,1,0,0,0,0
1642,0,0,1,0,0,0,0
1643,0,0,0,1,0,0,0
1644,0,0,0,1,0,0,0
1645,0,0,0,1,0,0,0
1648,0,0,1,0,0,0,0
1650,0,0,1,0,0,0,0
1654,0,0,1,0,0,0,0
1656,0,1,0,1,0,0,0
1657,0,0,1,0,0,0,0
1658,0,0,0,1,0,0,0
1659,1,0,1,0,0,0,0
1660,0,0,0,1,1,0,0
1661,0,0,0,1,0,0,0
1662,0,0,1,0,0,0,0
1663,0,0,0,0,1,0,0
1664,0,0,1,0,0,0,0
1665,0,0,1,0,0,0,0
1666,0,0,0,1,1,0,0
1667,0,0,1,0,0,0,0
1668,0,0,0,1,0,0,0
1669,0,0,0,1,0,0,0
1670,0,0,0,1,0,0,0
1671,0,0,0,1,0,0,0
1672,0,0,0,1,0,0,0
1673,0,0,0,1,1,0,0
1675,0,0,0,1,0,0,0
1676,0,0,1,0,0,0,0
1677,0,0,0,1,1,0,0
1679,0,0,1,0,0,0,0
1680,0,0,0,1,1,0,0
1682,0,0,0,0,1,0,0
1684,0,0,0,1,0,0,0
1689,0,0,1,0,0,0,0
1690,0,0,0,1,1,0,0
1691,0,0,0,0,1,0,0
1692,0,0,1,0,0,0,0
1695,0,0,0,1,1,0,0
1697,0,0,0,1,1,0,0
1699,0,0,0,1,1,0,0
1700,0,0,0,1,0,0,0
1704,0,0,0,1,0,0,0
1705,0,0,0,1,0,0,0
1706,0,0,0,1,0,0,0
1707,0,0,0,1,0,1,0
1708,0,0,0,1,1,0,0
1709,0,0,0,0,1,0,0
1710,1,0,0,0,1,0,0
1711,0,0,0,1,0,0,0
1712,0,0,1,0,0,0,0
1714,0,0,0,1,0,0,0
1715,0,0,0,1,1,0,0
1716,0,0,1,0,0,0,0
1717,0,0,0,1,0,0,0
1718,0,0,1,0,0,0,0
1720,0,0,0,1,0,0,0
1721,1,0,0,1,0,0,0
1722,0,0,1,0,0,0,0
1724,0,0,1,0,0,0,0
1725,0,0,0,0,1,0,0
1727,0,0,0,1,0,0,0
1728,0,0,0,0,1,0,0
1729,0,0,1,0,0,0,0
1730,0,1,1,0,0,0,0
1733,0,0,1,0,0,0,0
1734,0,0,1,0,0,0,0
1735,0,0,0,1,0,0,0
1736,1,0,0,0,0,0,0
1740,0,0,0,1,0,0,0
1741,0,0,1,0,0,0,0
1742,0,0,1,0,1,0,0
1747,0,1,0,0,1,0,0
1749,0,0,1,0,0,0,0
1750,0,0,1,0,0,0,0
1751,0,0,1,0,1,0,0
1752,0,0,1,0,0,0,0
1753,0,0,1,0,0,0,0
1755,0,0,0,1,1,0,0
1757,0,0,0,1,0,0,0
1758,0,0,0,1,0,0,0
1760,0,0,0,1,0,0,0
1761,0,0,0,0,1,0,0
1762,0,0,1,0,0,0,0
1763,0,0,0,1,1,0,0
1764,0,0,0,1,0,0,0
1765,0,0,1,0,0,0,0
1767,0,0,0,1,1,0,0
1768,0,0,0,0,0,1,0
1770,0,0,1,0,0,0,0
1771,0,0,0,1,0,0,0
1772,0,0,1,0,0,0,0
1773,0,0,0,1,0,0,0
1774,0,1,0,1,0,0,0
1776,0,0,0,0,1,0,0
1777,0,0,0,1,1,0,0
1778,0,0,0,1,0,0,0
1779,0,0,1,0,0,0,0
1780,0,0,0,1,0,0,0
1781,0,0,1,0,0,0,0
1783,0,0,0,1,1,0,0
1784,0,0,0,1,0,0,0
1786,0,0,0,1,1,0,0
1788,0,0,0,1,1,0,0
1789,0,1,0,0,0,0,0
1791,0,0,1,0,1,0,0
1793,0,0,1,0,0,0,0
1794,1,0,0,0,0,0,0
1796,0,0,0,1,1,0,0
1797,0,0,0,1,0,0,0
1798,0,0,0,1,0,0,0
1799,0,0,1,0,0,0,0
1801,0,0,1,0,0,0,0
1802,0,0,1,0,0,0,0
1804,0,0,0,1,0,0,0
1807,0,0,0,1,0,0,0
1808,0,0,0,1,1,0,0
1809,0,0,0,1,0,0,0
1810,0,0,1,0,0,0,0
1811,0,0,0,1,0,0,0
1812,0,0,1,0,0,0,0
1815,0,0,0,1,0,0,0
1816,0,0,0,1,0,0,0
1817,0,0,0,1,0,0,0
1818,0,0,0,1,0,0,0
1819,1,0,0,0,1,0,0
1820,0,0,1,0,0,0,0
1821,1,0,0,0,0,0,0
1822,0,0,0,1,0,0,0
1824,0,0,0,1,1,0,0
1825,0,0,0,1,0,0,0
1827,0,0,0,0,1,0,0
1828,0,0,0,1,0,0,0
1829,0,0,0,1,0,0,0
1830,0,0,0,1,0,0,0
1831,0,0,0,1,1,0,0
1832,0,0,1,0,0,0,0
1834,0,1,1,0,0,0,0
1835,0,0,0,1,1,0,0
1836,0,0,0,1,0,0,0
1837,0,0,1,0,0,0,0
1838,0,0,1,0,0,0,0
1840,0,0,1,0,0,0,0
1842,0,0,0,1,0,0,0
1843,0,0,1,0,0,0,0
1844,0,0,1,0,0,0,0
1845,0,1,0,1,0,0,0
1846,0,0,0,1,0,0,0
1847,0,0,0,1,0,0,0
1848,0,0,0,1,0,0,0
1849,0,0,1,0,0,0,0
1850,0,0,1,0,0,0,0
1852,0,0,0,1,0,0,0
1854,0,0,0,0,1,0,0
1855,0,0,1,0,0,0,0
1857,0,0,1,0,0,0,0
1858,0,0,0,1,0,0,0
1859,0,1,0,0,0,0,0
1860,0,0,0,1,0,0,0
1865,0,0,0,1,0,0,0
1866,0,0,0,0,1,0,0
1867,0,0,0,1,0,0,0
1869,0,0,1,0,0,0,0
1870,0,0,0,1,1,0,0
1871,0,0,1,0,0,0,0
1872,0,0,0,1,0,0,0
1874,0,0,1,0,0,0,0
1875,0,0,0,0,1,0,0
1876,0,0,1,0,0,0,0
1877,0,0,0,1,0,0,0
1878,0,0,0,0,1,0,0
1879,0,0,1,0,0,0,0
1880,0,0,0,0,1,0,0
1883,0,0,0,0,1,0,0
1885,0,0,0,1,1,0,0
1886,0,0,0,1,0,0,0
1887,0,0,0,1,0,0,0
1888,0,0,0,1,1,0,0
1889,0,0,0,1,0,0,0
1890,0,0,0,1,1,0,0
1891,0,0,0,1,0,0,0
1892,0,0,0,1,1,0,0
1893,0,0,1,0,0,0,0
1894,0,0,0,1,0,0,0
1895,0,0,0,1,1,0,0
1896,0,0,0,1,1,0,0
1897,0,0,1,0,0,0,0
1903,0,0,0,1,0,0,0
1904,0,0,1,0,0,0,0
1905,0,0,1,0,0,0,0
1906,0,0,1,1,0,0,0
1908,0,0,1,0,0,0,0
1909,0,0,1,0,0,0,0
1910,0,0,0,1,0,0,0
1911,0,0,1,0,0,0,0
1912,0,0,0,1,0,0,0
1914,0,0,0,1,0,0,0
1917,0,0,0,1,1,0,0
1918,0,0,1,0,0,0,0
1919,0,0,0,1,0,0,0
1922,0,0,0,1,0,0,0
1925,0,1,0,1,0,0,0
1926,0,0,1,0,0,0,0
1927,0,0,1,0,0,0,0
1931,0,0,0,1,0,0,0
1934,0,0,1,0,0,0,0
1936,0,0,1,0,1,0,0
1938,0,0,0,1,0,0,0
1939,0,0,1,0,0,0,0
1942,0,0,0,1,0,0,0
1944,0,0,1,0,0,0,0
1946,0,0,0,0,1,0,0
1947,0,0,1,0,0,0,0
1949,0,0,0,1,0,0,1
1950,0,0,0,1,1,0,0
1951,0,0,0,1,1,0,0
1952,1,0,0,0,1,0,0
1953,0,0,1,0,0,0,0
1955,0,0,0,0,1,0,0
1956,0,0,1,0,0,0,0
1959,0,0,0,1,0,0,0
1962,0,0,0,1,1,0,0
1967,0,0,0,1,0,0,0
1968,0,0,0,1,0,0,0
1969,0,0,0,1,1,0,0
1970,0,0,1,0,0,0,0
1971,0,0,1,0,0,0,0
1972,0,0,0,1,0,0,0
1975,0,0,1,0,0,0,0
1977,0,0,0,1,1,0,0
1979,0,0,0,1,0,0,0
1980,0,0,0,1,0,0,0
1981,0,0,0,1,0,0,0
1982,0,0,0,1,0,0,0
1983,0,0,0,1,1,0,0
1984,0,0,0,1,0,0,0
1985,0,0,0,1,0,0,0
1986,0,0,0,1,0,0,0
1987,0,0,0,1,0,0,0
1989,0,0,1,0,0,0,0
1990,0,0,1,0,0,0,0
1991,0,0,0,1,0,0,0
1992,0,0,0,1,1,0,0
1993,0,0,0,1,0,0,0
1994,0,0,0,1,0,0,0
1996,0,0,0,1,1,0,0
1997,0,0,1,0,0,0,0
1998,0,0,1,0,0,0,0
2000,0,0,0,1,0,0,0
2001,0,0,0,1,0,0,0
2003,0,0,0,1,0,0,0
2004,0,0,1,0,0,0,0
2008,0,0,0,1,0,0,0
2009,0,0,0,1,0,0,0
2010,0,0,0,0,1,0,0
2011,0,0,0,1,0,0,0
2012,0,0,1,0,0,0,0
2013,0,0,0,1,0,0,0
2014,0,0,1,0,0,0,0
2017,0,0,0,1,0,0,0
2018,0,0,0,1,0,0,0
2019,0,1,0,1,0,0,0
2020,0,0,0,1,1,0,0
2021,0,0,1,0,0,0,0
2022,0,0,0,1,1,0,0
2023,0,0,0,1,0,0,0
2025,0,0,0,1,1,0,0
2026,0,0,0,1,0,0,0
2027,0,0,0,1,0,0,0
2028,0,0,1,0,0,0,0
2029,0,0,1,0,0,0,0
2030,0,0,0,1,0,0,0
2031,0,0,1,0,0,0,0
2032,0,0,0,1,0,0,0
2033,0,0,0,1,0,0,0
2034,0,0,0,1,0,0,0
2035,0,0,0,1,0,0,0
2036,0,0,0,1,0,0,0
2037,0,0,0,1,0,0,0
2038,0,0,1,0,0,0,0
2039,0,0,1,0,0,0,0
2040,0,0,0,1,0,0,0
2041,0,0,1,0,0,0,0
2043,0,0,0,0,1,0,0
2044,0,0,1,0,0,0,0
2045,0,0,0,1,1,0,0
2046,0,0,0,1,0,0,0
2047,0,0,1,0,1,0,0
2048,0,0,0,1,0,0,0
2049,0,0,0,1,0,0,0
2050,0,1,0,1,0,0,0
2055,0,0,0,1,1,0,0
2056,0,0,0,1,0,0,0
2057,0,0,0,1,0,0,0
2058,0,0,0,1,1,0,0
2059,0,0,0,0,1,0,0
2060,0,0,0,1,1,0,0
2061,0,0,1,0,0,0,0
2062,0,0,0,1,0,0,0
2063,0,0,0,1,1,0,0
2064,0,0,1,0,0,0,0
2068,0,0,1,0,0,0,0
2069,0,0,0,1,0,0,0
2070,0,0,1,0,0,0,0
2071,1,0,0,0,0,0,0
2072,0,0,0,0,1,0,0
2073,0,0,0,1,0,0,0
2074,0,0,0,1,0,0,0
2076,0,0,0,1,0,0,0
2077,0,0,0,1,0,0,0
2080,0,0,0,1,0,0,0
2081,0,0,1,0,0,0,0
2084,0,0,0,0,1,0,0
2085,0,0,0,1,0,0,0
2086,0,0,0,1,0,0,0
2087,0,0,1,0,0,0,0
2088,0,0,1,0,0,0,0
2090,0,0,0,1,0,0,0
2091,0,0,0,1,0,0,0
2092,1,0,0,1,1,0,0
2093,0,0,1,0,0,0,0
2095,0,0,0,1,0,0,0
2098,0,0,0,1,0,0,0
2099,0,0,0,1,1,0,0
2101,0,0,0,1,1,0,0
2103,0,0,0,1,0,0,0
2104,0,0,1,0,0,0,0
2105,0,0,1,0,0,0,0
2106,0,0,0,1,0,0,0
2109,0,0,0,1,0,0,0
2110,0,1,0,0,1,0,0
2112,0,0,1,0,0,0,0
2113,0,0,1,0,0,0,0
2115,0,0,1,0,0,0,0
2117,0,0,0,1,1,0,0
2119,0,0,0,1,0,0,0
2121,0,0,1,0,0,0,0
2122,0,0,0,1,0,0,0
2123,0,0,1,0,0,0,0
2124,0,0,1,0,0,0,0
2126,0,0,0,0,1,0,0
2130,0,0,0,1,1,0,0
2131,0,0,0,1,1,0,0
2133,0,0,0,1,1,0,0
2134,0,0,0,1,0,0,0
2135,1,0,0,1,0,0,0
2136,0,0,1,0,0,0,0
2137,0,0,0,1,0,0,0
2140,0,0,1,0,0,0,0
2141,0,0,0,1,1,0,0
2143,0,0,1,0,0,0,0
2146,0,0,1,0,0,0,0
2147,0,0,0,1,0,0,0
2148,0,0,0,1,0,0,0
2150,0,0,1,0,0,0,0
2151,1,0,0,0,0,0,0
2152,0,0,1,0,0,0,0
2154,0,0,0,1,0,0,0
2156,1,0,0,0,1,0,0
2157,1,1,0,1,0,1,0
2160,0,0,1,0,0,0,0
2161,0,0,0,1,0,0,0
2163,0,0,0,1,0,0,0
2164,0,0,0,1,0,0,0
2165,0,0,1,0,0,0,0
2166,0,0,1,0,0,0,0
2167,0,1,0,0,1,0,0
2168,0,0,0,1,0,0,0
2169,0,0,0,1,1,0,0
2171,0,0,0,1,0,0,0
2172,0,0,0,1,0,0,0
2176,0,0,1,0,0,0,0
2179,0,0,1,0,0,0,0
2180,0,0,0,1,0,0,0
2183,0,0,0,1,1,0,0
2184,0,0,1,0,0,0,0
2185,0,0,0,1,0,0,0
2186,0,0,1,0,0,0,0
2187,0,0,0,1,0,0,0
2188,0,0,1,0,0,0,0
2189,0,0,1,0,0,0,0
2190,0,0,0,1,0,0,0
2191,0,0,1,1,0,0,0
2192,1,0,0,1,1,0,0
2194,0,0,1,0,0,0,0
2197,0,0,0,1,0,0,0
2199,0,1,0,0,1,0,0
2201,0,0,1,0,0,0,0
2202,0,0,0,1,0,0,1
2203,1,0,0,1,0,0,0
2205,0,0,0,1,0,0,0
2206,0,0,1,0,0,0,0
2208,0,0,0,0,1,0,0
2211,0,0,0,1,0,0,0
2212,0,0,0,1,1,0,0
2214,0,0,1,0,0,0,0
2215,0,1,0,1,0,0,0
2217,0,0,0,0,1,0,0
2218,0,0,0,1,0,0,0
2222,0,0,0,1,0,0,0
2223,0,0,1,0,0,0,0
2224,0,0,0,1,0,0,0
2225,0,0,0,1,0,0,0
2226,0,0,0,1,0,0,0
2227,0,0,0,1,0,0,0
2228,0,0,0,1,0,0,0
2229,0,0,1,0,0,0,0
2231,0,0,0,1,0,0,0
2232,0,0,1,0,0,0,0
2233,0,1,0,0,1,0,0
2234,0,0,1,0,0,0,0
2235,0,0,0,1,0,0,0
2238,0,0,0,1,0,0,0
2240,0,0,1,0,0,0,0
2241,0,0,1,0,0,0,0
2243,0,0,0,1,0,0,0
2245,0,0,0,0,1,0,0
2246,0,0,0,1,0,0,0
2249,0,0,0,1,1,0,0
2251,0,0,1,0,0,0,0
2253,0,0,0,1,1,0,0
2254,0,0,1,0,0,0,0
2255,0,0,1,0,0,0,0
2256,0,0,0,1,0,0,0
2258,0,0,0,0,1,0,0
2259,0,0,0,0,1,0,0
2260,0,0,0,0,1,0,0
2262,0,0,0,1,0,0,0
2263,0,0,0,1,0,0,0
2264,0,0,0,1,1,0,0
2265,1,0,0,0,1,0,0
2266,0,0,1,0,0,0,0
2267,0,0,0,1,0,0,0
2270,0,0,1,0,0,0,0
2271,0,0,0,1,1,0,0
2274,0,0,1,0,0,0,0
2278,0,0,1,1,1,0,0
2281,0,0,1,0,0,0,0
2282,0,0,0,1,0,0,0
2283,0,0,1,0,0,0,0
2284,0,0,0,1,1,0,0
2285,0,0,0,1,0,0,0
2288,0,0,1,0,0,0,0
2289,0,0,1,0,0,0,0
2292,0,0,0,1,1,0,0
2294,0,0,0,0,1,0,0
2295,0,0,0,1,0,0,0
2296,0,0,0,1,0,0,0
2299,0,0,0,1,0,0,0
2300,0,0,1,0,0,0,0
2302,0,0,0,1,0,0,0
2304,0,0,1,0,0,0,0
2306,0,0,1,0,0,0,0
2309,0,0,0,1,0,0,0
2313,0,0,0,1,0,0,0
2314,0,0,0,0,1,0,0
2315,0,0,0,1,0,0,0
2319,0,0,0,1,0,0,0
2320,0,0,0,1,0,0,0
2321,0,0,0,1,0,0,0
2323,0,0,0,1,0,0,0
2325,0,0,1,0,0,0,0
2327,1,0,0,0,0,0,0
2328,0,0,0,1,0,0,0
2329,0,0,1,0,0,0,0
2331,0,0,0,0,1,0,0
2332,0,0,0,1,1,0,0
2333,0,0,1,0,0,0,0
2334,0,0,1,0,0,0,0
2335,0,0,0,1,0,0,0
2336,0,0,0,1,1,0,0
2338,0,0,0,1,0,0,0
2341,0,0,0,1,1,0,0
2342,0,0,0,1,0,0,0
2343,0,0,0,1,1,0,0
2345,0,0,1,0,0,0,0
2346,0,1,0,1,0,0,0
2347,0,0,0,1,1,0,0
2348,0,0,1,0,0,0,0
2349,0,0,0,1,1,0,0
2350,0,0,1,0,0,0,0
2352,0,0,1,0,1,0,0
2353,0,0,1,0,0,0,0
2354,1,0,0,0,0,0,0
2355,0,0,1,0,0,0,0
2356,1,0,0,1,0,0,0
2358,0,0,0,0,1,0,0
2359,0,0,1,0,0,0,0
2360,0,0,0,1,0,0,0
2363,0,0,1,0,0,0,0
2366,0,0,0,1,0,0,0
2367,0,0,0,1,0,0,0
2369,0,0,0,1,1,0,0
2370,0,0,1,0,0,0,0
2371,0,0,1,0,0,0,1
2373,0,0,0,1,0,0,0
2374,0,0,1,0,0,0,0
2375,0,0,0,1,0,0,0
2377,0,0,0,1,0,0,0
2379,0,0,0,1,1,0,0
2381,0,0,0,1,0,0,0
2382,0,0,0,1,0,0,0
2383,0,0,0,1,1,0,0
2387,0,0,1,0,0,0,0
2388,0,0,0,1,0,0,0
2389,0,0,1,0,0,0,0
2391,0,0,1,1,0,0,0
2393,0,0,0,1,0,0,0
2394,0,0,1,0,0,0,0
2396,0,1,0,1,0,0,0
2397,0,0,0,1,0,0,0
2399,0,0,1,0,0,0,0
2400,0,0,0,1,0,0,0
2401,0,0,1,0,0,0,0
2403,0,0,1,0,0,0,0
2404,0,0,1,0,0,0,0
2405,0,0,0,1,0,0,0
2406,0,0,0,0,1,0,0
2407,0,0,1,0,0,0,0
2408,0,0,0,1,1,0,0
2409,1,1,0,0,0,0,0
2410,0,0,0,1,0,0,0
2411,0,0,1,0,0,0,0
2414,0,0,0,1,0,0,0
2415,0,0,0,1,0,0,0
2416,0,0,1,0,0,0,0
2417,0,0,0,0,1,0,0
2418,0,0,0,0,1,0,0
2420,0,0,0,0,1,0,0
2421,1,0,1,0,0,0,0
2422,0,0,0,1,0,0,0
2426,0,0,0,1,0,0,0
2427,0,0,1,0,0,0,0
2428,0,0,0,1,0,0,0
2429,0,0,0,1,0,0,0
2430,0,0,0,1,1,0,0
2431,0,0,0,1,0,0,0
2433,0,0,0,1,0,0,0
2435,0,0,1,0,0,0,0
2436,0,0,0,1,0,0,0
2437,0,0,0,1,1,0,0
2438,0,0,1,0,0,0,0
2439,0,0,0,1,0,0,0
2440,0,0,1,0,0,0,0
2442,0,0,0,1,0,0,0
2445,0,0,1,0,0,0,0
2446,0,0,1,0,0,0,0
2447,0,0,1,0,0,0,0
2448,0,0,0,1,1,0,0
2449,0,0,0,1,0,0,0
2453,0,0,1,0,0,0,0
2454,0,0,0,0,1,0,0
2455,0,0,0,1,0,0,0
2456,0,0,0,0,1,0,0
2457,0,0,0,1,0,0,0
2458,0,0,0,1,0,0,0
2461,0,0,1,0,0,0,0
2462,0,0,0,1,0,0,0
2464,0,0,1,0,0,0,0
2465,0,0,0,1,1,0,0
2467,0,0,1,0,0,0,0
2468,0,0,1,0,0,0,0
2469,0,0,0,1,1,0,0
2470,1,0,0,1,1,0,0
2471,0,0,0,1,0,0,0
2472,0,0,1,0,0,0,0
2473,0,0,0,1,0,0,0
2474,0,0,0,1,1,0,0
2475,0,0,0,1,0,0,0
2476,0,0,0,0,1,0,0
2477,1,0,0,0,0,0,0
2478,0,0,0,1,1,0,0
2480,0,0,1,0,0,0,0
2482,0,0,0,1,0,0,0
2489,0,0,1,0,0,0,0
2491,0,0,0,1,0,0,0
2492,0,0,0,1,0,0,0
2493,0,0,0,1,0,0,0
2494,0,0,0,1,0,0,0
2498,0,0,1,1,0,0,0
2499,0,0,0,1,0,0,0
2500,0,0,0,1,0,0,0
2501,0,0,0,1,0,0,0
2502,0,0,1,0,0,0,0
2504,0,0,0,1,1,0,0
2505,0,0,1,0,0,0,0
2507,0,0,1,0,0,0,0
2508,0,0,0,1,0,0,0
2509,0,0,0,1,0,0,0
2510,0,0,0,0,1,0,0
2511,0,0,1,0,0,0,0
2513,0,0,1,0,0,0,0
2514,0,0,0,1,0,0,0
2515,0,0,0,1,0,0,0
2518,0,0,0,1,1,0,0
2522,0,0,0,1,0,0,0
2523,0,0,0,0,1,0,0
2526,0,0,1,0,0,0,0
2528,0,0,0,1,0,0,0
2529,0,1,1,0,0,0,0
2530,0,0,0,0,1,0,0
2531,0,0,0,1,0,0,0
2532,0,0,0,1,0,0,0
2533,0,0,0,1,0,0,0
2534,0,0,0,1,0,0,0
2536,0,0,0,1,0,0,0
2537,0,0,0,1,0,0,0
2539,0,0,0,1,0,0,0
2540,0,0,0,1,0,0,0
2541,0,0,0,0,1,0,0
2542,0,0,0,1,0,0,0
2543,0,0,0,1,0,0,0
2544,0,0,0,1,1,0,0
2545,0,0,0,1,1,0,0
2546,0,0,0,1,0,0,0
2547,0,0,0,1,0,0,0
2548,0,0,1,0,0,0,0
2553,0,0,1,0,0,0,0
2555,0,0,0,1,1,0,0
2556,0,0,0,1,0,0,0
2558,0,1,0,0,1,0,0
2559,0,0,1,0,0,0,0
2560,0,0,1,0,0,0,0
2561,0,0,1,0,0,0,0
2562,0,0,0,1,0,0,0
2563,0,0,0,1,0,0,0
2564,0,1,0,0,0,0,0
2565,0,1,0,1,0,0,0
2567,0,0,0,1,0,0,0
2568,0,0,0,1,0,0,0
2569,0,0,1,0,0,0,0
2571,0,0,0,1,1,0,0
2573,0,0,0,1,0,0,0
2574,0,0,0,1,0,0,0
2575,0,0,0,1,1,0,0
2576,0,1,0,0,1,0,0
2578,0,0,1,0,0,0,0
2579,0,0,0,1,0,0,0
2580,0,0,0,1,0,0,0
2583,0,0,1,0,0,0,0
2587,0,0,0,1,1,0,0
2588,0,0,0,1,0,0,0
2589,1,0,0,0,0,0,0
2591,0,0,0,1,0,0,0
2592,0,0,0,1,0,0,0
2593,0,0,1,0,0,0,0
2594,0,0,1,0,0,0,0
2595,0,0,1,0,0,0,0
2596,0,0,0,1,0,0,0
2597,0,0,0,1,0,0,0
2599,1,0,1,0,0,0,0
2600,0,0,0,0,1,0,0
2601,0,0,0,1,1,0,0
2602,0,0,0,1,0,0,0
2603,0,0,0,0,1,0,0
2604,0,0,1,0,0,0,0
2605,0,0,1,0,0,0,0
2606,0,0,1,0,0,0,0
2607,0,0,0,0,1,0,0
2610,1,0,1,1,0,0,0
2611,0,0,0,1,0,0,0
2612,0,0,0,1,1,0,0
2614,0,0,0,1,0,0,0
2616,0,0,0,1,0,0,0
2620,0,0,0,1,1,0,0
2621,0,1,0,0,1,0,0
2622,0,0,0,1,1,0,0
2623,0,0,1,0,0,0,0
2625,0,0,0,1,0,0,0
2628,0,0,1,0,0,0,0
2629,0,0,0,1,1,0,0
2630,0,0,1,0,0,0,0
2631,0,0,0,0,1,0,0
2632,0,0,0,1,1,0,0
2634,0,0,0,1,1,0,0
2635,0,1,0,0,1,0,0
2636,0,0,0,0,1,0,0
2637,0,0,0,1,0,0,0
2638,0,0,0,0,1,0,0
2640,0,0,1,0,0,0,0
2641,0,0,1,0,0,0,0
2643,0,0,0,1,1,0,0
2645,0,0,0,1,1,0,0
2646,0,0,0,1,1,0,0
2650,0,0,0,1,0,0,0
2651,0,0,0,1,0,0,0
2652,0,0,0,1,0,1,0
2653,0,0,0,1,0,0,0
2654,0,0,0,1,1,0,0
2656,0,0,0,1,1,0,0
2657,0,0,0,1,1,0,0
2661,0,0,1,0,0,0,0
2663,0,0,1,0,0,0,0
2665,0,0,0,1,0,0,0
2667,0,0,0,1,1,0,0
2668,0,0,1,1,0,0,0
2669,0,1,0,0,0,0,0
2670,0,0,0,1,0,0,0
2671,0,0,0,1,0,0,0
2672,0,0,1,0,0,0,0
2673,0,0,0,1,0,0,0
2675,0,0,0,1,0,0,0
2677,0,0,0,1,1,0,0
2678,0,0,0,1,0,0,0
2679,0,0,0,1,1,0,0
2680,0,0,0,1,0,0,0
2683,0,0,0,0,0,1,0
2684,0,0,1,0,0,0,0
2685,0,0,1,0,0,0,0
2686,0,0,0,1,0,0,0
2688,0,0,1,0,0,0,0
2689,0,0,0,1,1,0,0
2690,0,0,0,1,1,0,0
2693,0,0,0,1,1,0,0
2694,0,0,1,0,0,0,0
2696,0,0,0,1,1,0,0
2698,1,1,0,1,0,0,0
2699,0,0,0,1,0,0,0
2700,0,0,0,1,1,0,0
2701,0,0,1,1,0,0,0
2702,0,0,0,1,1,0,0
2703,0,0,1,0,0,0,0
2704,0,0,0,1,0,0,0
2706,0,0,1,0,0,0,0
2707,0,0,0,0,1,0,0
2709,0,0,0,1,0,0,0
2711,0,0,0,1,0,0,0
2712,0,0,0,1,0,0,0
2713,0,0,1,0,0,0,0
2714,0,0,0,1,0,0,0
2715,0,0,0,1,0,0,0
2716,0,0,0,1,1,0,0
2717,0,0,0,1,0,0,0
2718,0,0,0,1,0,0,0
2719,0,0,1,0,0,0,0
2720,0,0,0,1,0,0,0
2723,0,0,0,1,0,0,0
2724,0,0,0,1,1,0,0
2725,0,0,0,1,0,0,0
2726,0,0,1,0,0,0,0
2728,0,0,0,1,0,0,0
2729,0,0,1,0,0,0,0
2730,0,0,0,0,1,0,0
2732,0,0,0,1,0,0,0
2733,0,0,1,1,0,0,0
2735,0,0,0,1,0,0,0
2736,0,0,0,1,0,0,0
2737,0,0,0,1,0,0,0
2738,0,0,1,0,0,0,0
2740,0,0,0,1,0,0,0
2742,0,0,0,1,1,0,0
2744,0,0,0,1,1,0,0
2746,0,0,0,1,0,0,0
2747,0,0,0,1,0,0,0
2748,0,0,1,0,0,0,0
2751,0,0,0,1,0,0,0
2753,0,0,0,1,1,0,0
2754,0,0,1,0,0,0,0
2755,0,0,1,0,0,0,0
2756,0,0,0,1,1,0,0
2757,0,0,0,1,0,0,0
2758,1,1,0,1,0,0,0
2761,0,0,0,1,0,0,0
2762,0,0,1,0,0,0,0
2765,0,0,0,1,0,0,0
2767,0,0,0,1,0,0,0
2769,0,0,0,0,1,0,0
2770,0,0,0,1,0,0,0
2771,0,0,0,1,1,0,0
2772,0,0,1,0,0,0,0
2773,0,0,0,1,0,0,0
2774,0,0,0,1,0,0,0
2776,0,0,1,0,0,0,0
2777,0,0,0,1,0,0,0
2778,0,0,0,1,1,0,0
2779,0,0,0,1,0,0,0
2780,0,0,0,1,0,0,0
2781,0,0,0,1,0,0,0
2782,0,0,0,1,0,0,0
2785,0,0,1,0,0,0,0
2786,0,0,1,1,0,0,0
2787,0,0,0,1,1,0,0
2789,0,0,0,1,0,0,0
2790,0,0,1,0,0,0,0
2791,0,0,0,1,0,0,0
2792,0,0,0,1,1,0,0
2793,0,0,0,1,0,0,0
2794,0,0,1,0,0,0,0
2795,0,0,0,1,1,0,0
2797,0,0,0,1,0,0,0
2798,0,0,0,1,1,0,0
2799,0,0,0,1,0,0,0
2800,0,0,1,0,0,0,1
2801,0,0,0,1,1,0,0
2802,0,0,0,1,1,0,0
2803,0,1,0,1,0,0,0
2806,0,0,0,1,1,0,0
2808,0,0,0,1,1,0,0
2809,0,0,0,1,0,0,0
2810,0,0,1,1,0,0,0
2811,0,0,0,1,0,0,0
2813,0,0,1,0,0,0,0
2815,0,0,0,1,0,0,0
2816,0,0,0,1,1,0,0
2817,0,0,1,0,0,0,0
2819,0,0,0,1,0,0,0
2820,1,0,0,1,0,0,0
2821,0,0,0,1,0,0,0
2822,0,1,0,1,1,0,0
2825,0,0,0,1,0,0,0
2826,0,0,1,0,0,0,0
2827,0,0,0,1,0,0,0
2828,0,0,0,1,0,0,0
2829,0,0,1,0,0,0,0
2834,0,0,0,0,1,0,0
2835,0,0,0,1,1,0,0
2837,0,0,1,0,0,0,0
2841,0,0,0,0,1,0,0
2842,0,0,1,0,0,0,0
2843,0,0,0,1,0,0,0
2844,0,0,1,0,0,0,0
2846,0,0,0,1,1,0,0
2849,0,0,0,1,1,0,0
2850,0,0,0,1,0,0,0
2851,0,1,0,0,1,0,0
2852,0,0,1,0,0,0,0
2853,0,0,1,0,0,0,0
2854,0,0,1,0,0,0,0
2855,0,0,0,1,0,0,0
2856,0,0,0,1,0,0,0
2861,0,0,1,0,0,0,0
2862,0,0,0,1,0,0,0
2863,0,0,1,0,0,0,0
2864,0,0,0,1,0,0,0
2865,0,0,0,1,0,0,0
2866,0,0,0,1,0,0,0
2867,0,0,0,1,0,0,0
2868,0,0,1,0,0,0,0
2869,0,0,0,0,1,0,0
2870,1,0,1,0,0,0,0
2871,0,0,1,0,0,0,0
2872,0,0,0,1,0,0,0
2873,0,0,1,0,0,0,0
2875,0,0,1,0,0,0,0
2876,0,0,1,0,0,0,0
2877,0,0,1,0,0,0,0
2878,0,0,0,1,1,0,0
2879,0,0,1,0,0,0,0
2880,0,0,1,0,0,0,0
2881,0,0,1,0,0,0,0
2883,0,0,1,0,0,0,0
2885,0,0,1,0,0,0,0
2886,0,0,0,1,0,0,0
2887,0,0,0,1,0,0,0
2891,0,0,1,0,0,0,0
2893,0,0,0,1,0,0,0
2894,0,0,1,0,0,0,0
2895,0,0,0,1,0,0,0
2896,0,0,1,0,0,0,0
2897,0,0,0,0,1,0,0
2898,0,0,0,1,1,0,0
2899,0,0,0,1,0,1,0
2900,0,0,0,1,0,0,0
2901,0,0,1,0,0,0,0
2902,0,0,0,1,1,0,0
2904,0,0,1,0,0,0,0
2905,1,0,1,0,0,0,0
2907,0,0,1,0,0,0,0
2908,0,0,0,1,0,0,0
2912,0,0,1,0,0,0,0
2914,0,0,0,1,0,0,0
2915,0,0,0,1,0,0,0
2917,0,0,1,0,0,0,0
2918,0,0,1,0,0,0,0
2919,0,0,1,0,0,0,0
2922,0,0,0,1,0,0,0
2926,0,0,1,0,0,0,0
2927,0,0,1,0,0,0,0
2928,0,1,1,0,0,0,0
2932,0,0,0,1,0,0,0
2933,0,0,1,0,0,0,0
2935,0,0,0,1,0,0,0
2936,0,0,0,1,0,0,0
2937,0,0,1,0,0,0,0
2938,0,0,1,0,0,0,0
2941,0,0,1,0,0,0,0
2942,0,0,0,1,0,0,0
2946,0,0,0,1,0,0,0
2947,0,0,1,0,0,0,0
2948,0,0,0,1,0,0,0
2949,0,0,0,1,1,0,0
2950,0,0,1,0,0,0,0
2951,0,0,0,1,0,0,0
2952,0,0,0,1,0,0,0
2953,0,0,0,1,0,0,0
2954,0,0,0,1,1,0,0
2955,0,0,1,0,0,0,0
2958,0,0,0,1,1,0,0
2959,0,0,0,1,0,0,0
2960,0,0,0,1,0,0,0
2962,0,0,0,1,0,0,0
2963,0,0,0,1,1,0,0
2965,0,0,1,1,1,0,0
2966,0,0,0,1,0,0,0
2967,0,0,1,0,0,0,0
2968,0,0,0,1,0,0,0
2969,0,0,0,1,0,0,0
2971,0,0,0,1,1,0,0
2972,0,0,1,0,0,0,0
2976,0,0,0,1,0,0,0
2977,0,0,1,0,0,0,0
2979,0,0,0,1,0,0,0
2980,0,0,0,1,0,0,0
2981,0,0,0,1,0,0,0
2985,0,0,1,0,0,0,0
2986,0,0,1,0,0,0,0
2987,0,0,0,0,1,0,0
2988,0,0,1,0,0,0,0
2989,0,0,1,0,1,0,0
2991,0,0,0,1,0,0,0
2992,0,0,0,1,0,0,0
2999,0,0,0,1,1,0,0
3001,0,0,1,0,0,0,0
3003,0,0,0,1,0,0,0
3004,0,0,1,0,0,0,0
3005,0,0,1,0,0,0,0
3006,0,0,1,0,0,0,0
3009,0,0,1,0,0,0,0
3010,0,0,1,0,0,0,0
3011,0,0,0,1,0,0,0
3012,0,0,0,1,0,0,0
3014,0,0,1,0,0,0,0
3017,0,0,0,0,1,0,0
3019,0,0,0,1,0,0,0
3021,0,0,0,1,0,0,0
3025,0,0,0,1,0,0,0
3029,0,0,0,1,1,0,0
3030,0,0,0,0,1,0,0
3032,1,0,0,0,0,0,0
3033,0,0,0,1,0,0,0
3034,0,0,0,1,0,0,0
3036,0,0,1,0,0,0,0
3042,0,0,1,0,0,0,0
3043,0,0,0,1,0,0,0
3045,0,0,0,1,0,0,0
3046,0,0,0,1,0,0,0
3047,0,0,1,0,0,0,0
3048,0,0,0,1,0,0,0
3049,0,0,1,0,1,0,0
3050,0,0,1,0,0,0,0
3051,0,0,1,0,0,0,0
3052,0,0,0,1,0,0,0
3053,1,0,1,0,0,0,0
3055,0,0,0,0,1,0,0
3056,0,0,0,1,0,0,0
3059,0,0,1,0,0,0,0
3060,0,0,0,1,0,0,0
3061,0,0,0,0,1,0,0
3062,0,0,1,0,0,0,0
3065,0,0,1,0,0,0,0
3068,0,0,0,1,1,0,0
3069,0,0,1,0,0,0,0
3070,0,0,0,0,1,0,0
3071,0,0,0,1,0,0,0
3073,0,0,0,1,0,0,0
3074,0,0,0,1,1,0,0
3077,0,0,1,0,0,0,0
3078,0,0,0,1,0,0,0
3079,0,0,0,1,0,0,0
3081,0,0,0,1,0,0,0
3082,0,0,0,1,1,0,0
3083,0,0,0,1,0,0,0
3084,0,0,0,1,0,0,0
3089,0,0,0,1,0,0,0
3091,0,0,0,1,0,0,0
3092,0,0,0,1,0,0,0
3093,0,0,1,0,0,0,0
3094,0,0,0,1,1,0,0
3096,0,0,1,0,0,0,0
3097,0,0,1,0,0,0,0
3098,0,0,1,0,0,0,0
3099,0,0,0,1,1,0,0
3100,0,0,1,0,0,0,0
3101,0,0,0,1,0,0,0
3102,0,0,0,1,0,0,0
3105,0,0,0,0,1,0,0
3107,0,0,1,1,0,0,0
3108,0,0,0,1,1,0,0
3110,0,0,0,1,0,0,0
3111,0,0,0,0,1,0,0
3113,0,0,0,1,1,0,0
3114,0,0,0,1,0,0,0
3117,0,0,0,0,1,0,0
3119,0,0,1,0,0,0,0
3120,0,0,0,1,0,0,0
3121,0,0,0,1,0,1,0
3122,0,0,1,0,0,0,0
3123,0,0,1,0,0,0,0
3124,0,0,0,1,1,0,0
3125,0,0,1,0,0,0,0
3126,0,0,1,0,0,0,0
3127,0,0,1,0,0,0,0
3129,0,0,0,1,0,0,0
3132,0,0,1,0,0,0,0
3133,0,0,0,1,1,0,0
3134,0,0,1,0,0,0,0
3135,0,0,1,0,0,0,0
3136,0,0,0,1,0,0,0
3138,0,0,0,1,0,0,0
3139,0,0,0,0,1,0,0
3140,0,0,1,0,0,0,0
3144,0,0,0,1,0,0,0
3145,0,0,0,1,0,0,0
3146,0,0,0,1,0,0,0
3148,0,0,0,1,1,0,0
3150,0,0,1,0,0,0,0
3151,0,1,1,0,1,0,0
3152,0,0,0,1,1,0,0
3154,0,0,0,1,0,0,0
3155,0,1,1,0,0,0,0
3156,0,0,1,0,0,0,0
3157,0,0,1,0,0,0,0
3159,0,0,1,0,0,0,0
3162,0,0,1,0,0,0,0
3164,1,0,0,0,0,0,0
3168,0,0,0,1,0,0,0
3169,0,0,0,1,1,0,0
3170,0,0,0,0,1,0,0
3172,1,0,0,0,1,0,0
3174,0,0,0,0,1,0,0
3177,0,0,1,0,0,0,0
3178,0,0,0,1,0,0,0
3179,0,0,0,1,0,0,0
3180,0,0,0,1,1,0,0
3181,0,0,0,1,1,0,0
3184,0,0,0,1,1,0,0
3185,0,0,1,0,0,0,0
3187,0,0,0,1,0,0,0
3189,0,0,1,0,0,0,0
3191,0,0,1,0,0,0,0
3192,0,0,1,0,0,0,0
3198,0,0,0,1,0,0,0
3201,0,0,0,1,0,0,0
3203,0,0,0,0,1,0,0
3204,0,0,0,1,1,0,0
3205,0,0,0,1,0,0,0
3207,0,0,1,0,0,0,0
3209,0,0,0,1,0,0,0
3212,0,0,0,1,1,0,0
3213,0,0,0,0,0,0,1
3215,0,0,0,0,1,0,0
3216,0,0,1,0,0,0,0
3217,0,0,0,1,0,0,0
3218,0,0,1,0,0,0,0
3219,0,0,0,1,0,0,0
3221,0,0,0,1,1,0,0
3224,0,0,0,1,0,0,0
3226,0,0,1,0,0,0,0
3228,0,0,0,1,0,0,0
3229,0,0,1,0,0,0,0
3231,0,0,1,0,0,0,0
3232,0,0,0,1,0,0,0
3234,0,0,0,1,0,0,0
3235,0,0,0,1,0,0,0
3236,0,0,0,1,0,0,0
3237,0,0,0,1,1,0,0
3238,0,0,0,1,1,0,0
3240,0,0,0,0,1,0,0
3242,0,0,0,1,1,0,0
3243,0,0,0,0,1,0,0
3244,1,0,1,0,0,0,0
3245,0,0,0,1,0,0,0
3246,0,0,0,1,1,0,0
3247,0,0,0,1,0,0,0
3248,0,0,0,1,1,0,0
3249,0,0,0,1,0,0,0
3251,0,0,0,1,0,0,0
3252,0,0,0,1,0,0,0
3253,0,0,0,1,0,0,0
3257,0,0,0,1,0,0,0
3258,0,0,0,1,0,0,0
3259,0,0,1,0,0,0,0
3260,0,0,0,1,0,0,0
3261,0,0,0,1,0,0,0
3262,0,0,0,1,1,0,0
3264,0,0,0,1,1,0,0
3265,0,0,0,1,0,0,0
3266,0,1,1,0,0,0,0
3268,0,0,0,1,1,0,0
3269,0,1,0,1,0,0,0
3270,0,0,1,0,0,0,0
3271,0,0,0,1,0,0,0
3273,0,0,1,0,0,0,0
3276,0,0,0,1,0,0,0
3277,0,0,1,0,0,0,0
3278,0,0,1,0,0,0,0
3279,0,0,1,0,0,0,0
3280,0,0,0,1,1,0,0
3281,0,0,1,0,0,0,0
3282,0,0,1,0,0,0,0
3286,0,0,0,1,0,0,0
3288,0,0,1,0,0,0,0
3289,0,0,1,1,0,0,0
3290,0,0,0,1,0,0,0
3291,0,0,0,1,0,0,0
3292,0,0,1,0,0,0,0
3294,0,0,1,0,0,0,0
3296,0,0,0,1,0,0,0
3298,1,0,1,0,0,0,0
3299,0,0,0,1,1,0,0
3300,0,0,0,0,1,0,0
3302,0,0,0,1,1,0,0
3303,0,0,0,0,1,0,0
3305,0,0,0,1,0,0,0
3306,0,0,1,0,0,0,0
3307,0,0,1,0,0,0,0
3308,0,0,0,1,1,0,0
3310,1,1,0,0,0,0,0
3311,0,0,0,1,0,0,0
3312,0,0,1,0,0,0,0
3315,0,0,0,1,0,0,0
3316,0,0,0,1,0,0,0
3318,0,0,1,0,0,0,0
3322,0,0,1,0,0,0,0
3323,0,0,0,0,1,0,0
3325,0,0,1,0,0,0,0
3327,0,0,0,1,0,0,0
3328,0,0,1,1,0,0,0
3329,0,0,1,0,0,0,0
3331,0,0,0,1,0,0,0
3332,0,0,0,1,0,0,0
3334,0,0,1,0,0,0,0
3335,0,0,1,0,0,0,0
3336,0,0,0,1,0,0,0
3337,0,0,0,1,0,0,0
3339,0,0,1,0,0,0,0
3341,0,0,1,0,0,0,0
3342,0,0,0,1,0,0,0
3343,0,0,0,1,0,0,0
3344,0,0,1,0,0,0,0
3345,0,1,1,0,0,0,0
3346,0,0,1,0,0,0,0
3352,0,0,1,0,0,0,0
3353,0,0,0,1,0,0,0
3354,0,0,0,1,0,0,0
3355,1,0,0,1,0,0,0
3357,0,0,0,1,0,0,0
3358,0,0,0,1,1,0,0
3365,0,0,1,0,0,0,0
3366,1,0,0,0,0,0,0
3367,0,0,1,0,0,0,0
3368,0,0,0,1,0,0,0
3369,0,0,0,1,0,0,0
3372,0,0,1,0,0,0,0
3373,0,0,0,0,1,0,0
3374,0,0,0,1,0,0,0
3375,0,0,0,1,0,0,0
3378,0,0,1,0,0,0,0
3379,0,0,1,0,0,0,0
3380,0,0,0,1,0,0,0
3382,0,0,0,0,1,0,0
3383,0,0,1,0,0,0,0
3384,0,0,0,1,1,0,0
3385,0,0,1,0,0,0,0
3386,0,0,1,0,0,0,0
3387,0,0,0,1,0,0,0
3388,0,0,1,0,0,0,0
3389,0,0,0,1,1,0,0
3393,0,0,0,1,1,0,0
3394,0,0,1,0,0,0,0
3397,0,0,1,0,0,0,0
3398,0,0,0,1,1,0,0
3403,0,0,0,1,0,0,0
3404,0,0,1,0,0,0,0
3405,0,0,0,1,0,0,0
3406,0,0,0,1,0,0,0
3407,0,0,1,1,0,0,0
3409,0,0,1,0,0,0,0
3411,0,0,0,1,0,0,0
3412,0,0,0,1,0,0,0
3414,0,0,1,0,0,0,0
3416,0,0,1,0,0,0,0
3417,0,0,1,0,0,0,0
3419,0,0,1,0,0,0,0
3420,0,0,1,0,0,0,0
3421,0,0,0,1,0,0,0
3424,0,0,0,1,0,0,0
3426,0,0,1,0,0,0,0
3427,0,0,0,1,0,0,0
3428,0,0,0,0,1,0,0
3430,0,0,1,0,0,0,0
3431,0,0,0,1,0,0,0
3433,0,0,1,0,0,0,0
3434,0,1,0,0,0,0,0
3435,0,0,0,1,0,0,0
3436,0,0,0,0,1,0,0
3437,0,0,0,1,0,0,0
3438,0,0,1,0,0,0,0
3440,1,0,0,0,0,0,0
3441,0,0,1,0,0,0,0
3442,1,0,0,0,0,0,0
3443,0,0,1,1,0,0,0
3444,0,0,1,0,0,0,0
3445,0,0,0,1,1,0,0
3446,0,0,0,1,0,0,0
3447,0,0,1,0,0,0,0
3448,0,0,0,1,0,0,0
3449,0,0,0,1,0,0,0
3453,0,0,0,1,0,0,0
3455,0,0,1,0,0,0,0
3456,0,0,1,0,0,0,0
3458,0,0,0,1,0,0,0
3460,0,0,0,1,0,0,0
3461,0,0,1,0,0,0,0
3463,0,0,0,1,0,0,0
3465,1,0,0,1,1,0,0
3466,0,0,1,0,0,0,0
3467,0,0,1,0,0,0,0
3468,1,0,1,0,0,0,0
3469,0,0,0,0,1,0,0
3470,0,0,0,1,0,0,0
3471,0,0,1,0,0,0,0
3472,0,0,1,0,0,0,0
3473,0,0,0,1,0,0,0
3474,0,0,0,1,0,0,0
3475,0,0,1,0,0,0,0
3477,0,0,0,1,0,0,0
3478,0,0,0,1,0,0,0
3479,0,0,1,0,0,0,0
3484,0,0,0,1,1,0,0
3485,0,0,1,0,0,0,0
3486,0,0,0,1,0,0,0
3489,0,0,1,0,0,0,0
3490,0,0,0,1,0,0,0
3492,0,0,0,1,0,0,0
3493,0,0,0,1,0,0,0
3494,0,0,1,0,0,0,0
3495,0,0,0,1,0,0,0
3496,0,0,0,0,1,0,0
3497,0,0,1,0,0,0,0
3498,1,0,0,1,0,0,0
3499,0,0,1,0,0,0,0
3500,0,0,0,1,0,0,0
3502,0,0,1,0,0,0,0
3503,0,0,0,1,0,0,0
3505,0,0,0,1,1,0,0
3506,0,0,1,0,0,0,0
3507,0,0,0,1,1,0,0
3508,0,0,0,1,0,0,0
3510,0,0,0,1,0,0,0
3511,1,0,0,1,0,0,0
3512,0,0,1,0,0,0,0
3514,0,0,0,1,0,0,0
3516,0,0,0,1,1,0,0
3517,0,0,1,0,0,0,0
3518,0,0,1,0,0,0,0
3519,0,0,0,1,0,0,0
3522,0,0,0,1,1,0,0
3523,0,0,0,1,0,0,0
3525,0,0,0,1,1,0,0
3526,0,0,0,1,0,0,0
3527,0,0,0,1,0,0,0
3528,0,0,0,1,0,0,0
3533,0,0,1,0,0,0,0
3534,0,0,0,0,1,0,0
3535,0,0,0,1,0,0,0
3536,0,0,0,1,0,0,0
3537,0,0,0,1,1,0,0
3538,0,0,1,0,0,0,0
3539,0,0,1,0,0,0,0
3541,0,0,0,1,0,0,0
3542,0,0,0,0,1,0,0
3543,0,0,0,1,0,0,0
3545,0,0,0,1,0,0,0
3546,0,0,1,0,0,0,0
3547,0,0,1,0,0,0,0
3548,0,0,1,0,0,0,0
3549,0,0,1,0,0,0,0
3550,0,0,0,1,1,0,0
3551,0,0,0,1,1,0,0
3552,0,0,1,0,0,0,0
3553,0,0,1,0,0,0,0
3555,0,1,0,1,1,0,0
3556,0,0,0,1,0,0,0
3557,0,0,1,0,0,0,0
3558,0,0,1,0,0,0,0
3559,0,0,0,1,0,0,0
3560,0,0,0,1,1,0,0
3561,0,0,1,0,0,0,0
3567,0,0,0,1,1,0,0
3571,0,0,0,0,1,0,0
3575,0,0,1,0,0,0,0
3576,0,0,0,1,0,0,0
3577,0,0,0,1,0,0,0
3579,0,0,1,0,0,0,0
3580,0,0,0,1,0,0,0
3581,0,0,1,0,0,0,0
3585,0,0,1,1,0,0,0
3587,0,0,0,1,0,0,0
3588,0,0,0,0,1,0,0
3589,0,0,1,0,0,0,0
3590,0,0,1,0,0,0,0
3591,0,0,1,0,0,0,0
3593,0,0,0,1,1,0,0
3594,0,0,0,1,0,0,0
3595,0,0,0,1,0,0,0
3596,0,0,0,1,1,0,0
3597,0,0,1,0,0,0,0
3598,0,0,1,0,0,0,0
3599,0,0,0,1,0,0,0
3602,0,0,1,0,0,0,0
3603,0,0,0,0,1,0,0
3604,0,0,0,1,0,0,0
3606,0,0,1,0,0,0,0
3610,0,0,1,0,0,0,0
3611,0,0,0,1,0,0,0
3612,0,1,0,1,1,0,0
3613,0,0,0,1,0,0,0
3614,0,0,1,0,0,0,0
3615,0,0,0,1,0,0,0
3616,0,0,0,0,1,0,0
3617,0,0,0,1,0,0,0
3618,0,0,0,1,1,0,0
3620,0,0,0,1,0,0,0
3621,0,0,0,1,0,0,0
3625,0,0,0,1,0,0,0
3626,0,0,0,1,1,0,0
3627,0,1,0,1,0,0,0
3629,0,0,1,1,0,0,0
3631,0,0,1,0,0,0,0
3632,0,0,0,0,1,0,0
3633,0,0,0,1,0,0,0
3634,0,0,1,0,0,0,0
3635,0,0,1,0,0,0,0
3637,0,0,0,1,0,0,0
3638,0,0,0,1,0,0,0
3639,0,0,0,0,1,0,0
3640,0,0,0,1,0,0,0
3641,0,0,0,1,0,0,0
3642,0,0,0,1,0,0,0
3643,1,0,0,1,0,0,0
3646,0,0,0,1,0,0,0
3647,0,0,0,1,0,0,0
3648,0,0,0,1,0,0,0
3650,0,0,0,1,1,0,0
3652,0,0,0,1,0,0,0
3654,0,0,0,1,1,0,0
3655,0,0,0,0,0,0,1
3659,0,0,0,1,0,0,0
3660,0,0,1,0,0,0,0
3661,0,0,0,1,0,0,0
3662,0,0,0,1,0,0,0
3663,0,0,1,0,0,0,0
3665,0,0,0,0,1,0,0
3667,0,0,0,1,0,0,0
3668,0,0,0,0,0,0,1
3670,1,0,0,0,0,0,0
3673,0,0,1,1,0,0,0
3676,0,0,0,1,1,0,0
3677,0,0,0,0,1,0,0
3679,1,0,0,0,0,0,0
3681,0,0,0,1,1,0,0
3686,0,0,0,1,0,0,0
3687,0,0,1,0,0,0,0
3688,0,0,1,0,0,0,0
3689,0,0,1,0,0,0,0
3690,0,0,0,1,0,0,0
3691,0,0,1,0,0,0,0
3693,0,0,0,0,1,0,0
3694,0,0,1,0,0,0,0
3696,0,0,0,1,0,0,0
3697,0,1,0,0,0,0,0
3698,1,0,0,1,0,0,0
3700,0,0,0,1,0,0,0
3701,0,0,1,0,0,0,0
3702,0,0,1,0,0,0,0
3704,0,0,0,1,1,0,0
3705,0,0,0,0,1,0,0
3708,0,0,1,0,0,0,0
3709,0,0,0,1,0,0,0
3711,1,0,0,1,0,0,0
3712,0,0,0,1,1,0,0
3715,0,0,0,1,0,0,0
3716,0,0,0,0,0,0,1
3718,0,0,0,1,0,0,0
3720,0,1,0,1,1,0,0
3722,0,0,0,1,0,0,0
3723,0,0,0,0,1,0,0
3724,0,0,0,1,0,0,0
3725,0,0,1,0,0,0,0
3726,0,0,0,1,0,0,0
3728,0,0,0,1,1,0,0
3729,0,0,1,0,0,0,0
3730,0,0,1,0,0,0,0
3731,0,0,1,0,0,0,0
3734,0,0,1,0,0,0,0
3735,0,1,1,0,0,0,0
3736,0,0,0,1,1,0,0
3737,0,0,1,0,0,0,0
3738,0,0,0,1,0,0,0
3740,0,0,1,0,0,0,0
3741,0,0,0,1,1,0,0
3743,0,0,1,0,0,0,0
3744,0,0,1,0,0,0,0
3745,1,0,0,1,1,0,0
3747,0,0,0,1,1,0,0
3748,0,0,1,0,0,0,0
3750,0,0,1,0,0,0,0
3751,0,0,0,1,0,0,0
3752,0,0,1,0,1,0,0
3753,0,0,0,1,1,0,0
3754,0,0,1,0,0,0,0
3756,0,0,0,1,0,0,0
3757,0,0,1,0,0,0,0
3758,0,0,0,1,0,0,0
3761,0,0,0,1,0,0,0
3762,0,0,0,1,0,0,0
3766,0,0,1,0,0,0,0
3768,0,0,0,1,0,0,0
3769,0,0,1,0,0,0,0
3770,0,0,1,0,0,0,0
3771,0,0,1,0,0,0,0
3772,0,0,0,1,1,0,0
3773,0,0,1,0,0,0,0
3774,0,0,1,0,0,0,0
3775,0,0,0,1,0,0,0
3780,0,1,0,1,0,0,0
3781,0,0,0,1,1,0,0
3783,0,0,1,0,0,0,0
3785,0,0,0,1,0,0,0
3786,0,0,0,1,0,0,0
3787,0,0,0,1,0,0,0
3790,0,0,1,0,0,0,0
3791,0,0,0,1,0,0,0
3794,0,0,1,0,0,0,0
3796,0,0,0,1,0,0,0
3797,0,0,0,1,0,0,0
3799,0,0,0,1,0,0,0
3801,0,0,0,1,0,0,0
3802,0,0,0,1,0,0,0
3804,0,0,1,0,0,0,0
3807,0,0,0,1,1,0,1
3808,0,0,0,1,0,0,0
3809,0,0,1,0,1,0,0
3810,0,0,1,0,0,0,0
3812,0,0,0,1,0,0,0
3813,1,0,0,0,0,0,0
3814,0,0,0,0,1,0,0
3815,0,0,0,1,0,0,0
3817,0,0,1,0,0,0,0
3819,0,0,0,1,0,0,0
3820,0,0,0,1,1,0,0
3821,0,0,0,1,0,0,0
3822,0,0,0,1,0,0,0
3827,0,0,0,1,0,0,0
3828,0,0,1,0,0,0,0
3831,0,0,1,0,0,0,0
3835,0,0,1,0,0,0,0
3836,0,0,1,0,0,0,0
3838,0,0,1,0,0,0,0
3839,0,0,1,0,0,0,0
3840,0,0,0,1,0,0,0
3844,0,0,0,1,0,0,0
3846,0,1,0,1,0,0,0
3851,0,0,1,0,0,0,0
3853,0,0,0,1,0,0,0
3854,0,0,0,1,0,0,0
3855,0,0,0,1,0,0,0
3856,0,0,0,1,1,0,0
3857,0,0,1,0,0,0,0
3859,0,0,0,1,0,0,0
3861,0,0,0,1,0,0,0
3862,0,0,1,0,1,0,0
3865,0,0,1,0,0,0,0
3866,0,0,0,1,0,0,0
3870,0,0,1,0,0,0,0
3871,1,0,0,0,1,0,0
3873,0,0,0,1,0,0,0
3875,0,0,0,1,1,0,0
3876,0,0,1,0,0,0,0
3879,0,0,0,1,0,0,0
3880,0,0,0,1,0,0,0
3881,0,0,1,0,0,0,0
3884,0,0,0,0,1,0,0
3887,0,0,1,0,0,0,0
3888,0,0,0,1,0,0,0
3889,0,0,1,0,0,0,0
3891,0,0,1,0,0,0,0
3892,0,0,0,1,0,0,0
3895,0,0,0,1,0,0,0
3896,0,0,0,1,0,0,0
3900,0,0,0,1,1,0,0
3901,0,0,1,0,0,0,0
3902,0,0,0,1,0,0,0
3903,0,0,0,1,0,0,0
3904,0,0,1,0,0,0,0
3908,0,0,0,1,1,0,0
3913,0,0,1,0,0,0,0
3914,0,0,0,1,1,0,0
3915,0,0,0,1,0,0,0
3916,0,0,1,0,0,0,0
3917,0,0,0,1,0,0,0
3920,0,0,0,1,0,0,0
3921,0,0,1,0,0,0,0
3922,0,0,1,0,0,0,0
3924,0,0,1,0,0,0,0
3927,0,0,0,1,1,0,0
3931,0,0,0,1,1,0,0
3932,0,0,0,1,0,0,0
3934,0,0,1,0,0,0,0
3937,0,0,1,0,0,0,0
3938,0,0,0,1,0,0,0
3939,0,0,0,1,0,0,0
3940,0,0,0,1,0,0,0
3941,0,0,0,1,0,0,0
3942,0,1,1,0,0,0,0
3943,0,0,1,0,0,0,0
3944,0,0,0,1,0,0,0
3945,0,0,0,1,1,0,0
3948,0,0,0,1,0,0,0
3949,0,0,0,1,0,0,0
3952,0,0,0,1,0,0,0
3953,1,0,0,0,0,0,0
3955,0,0,1,0,0,0,0
3957,0,0,0,1,0,0,0
3958,0,0,1,0,0,0,0
3959,0,0,0,1,0,0,0
3960,0,0,0,1,1,0,0
3961,0,0,0,1,0,0,0
3962,0,0,0,1,1,0,0
3963,0,0,0,1,0,0,0
3964,0,0,0,1,1,0,0
3965,0,0,1,0,0,0,0
3967,0,0,0,1,0,0,0
3970,0,0,0,1,0,0,0
3971,0,0,0,1,0,0,0
3973,0,0,0,1,0,0,0
3974,0,0,1,0,0,0,0
3976,0,1,0,1,0,0,0
3979,0,0,0,0,1,0,0
3980,0,0,0,1,0,0,0
3981,0,0,0,1,1,0,0
3982,0,0,0,1,0,0,0
3983,0,0,1,0,0,0,0
3984,0,0,1,0,0,0,0
3985,0,0,1,0,0,0,0
3986,0,0,1,0,0,0,0
3988,0,0,1,1,0,0,0
3991,0,0,0,1,0,0,0
3992,0,1,0,1,0,0,0
3996,0,0,0,1,0,0,0
3997,0,0,0,1,0,0,0
4000,0,0,0,1,0,0,0
4001,0,0,0,1,0,0,0
4004,0,0,1,0,0,0,0
4005,0,0,0,1,1,0,0
4007,0,0,0,1,0,0,0
4009,0,0,0,0,1,0,0
4010,0,0,1,0,0,0,0
4012,0,0,1,0,0,0,0
4013,0,0,1,0,0,0,0
4014,0,0,0,1,0,0,0
4016,0,0,0,1,0,0,0
4019,0,0,0,1,0,0,0
4020,0,0,1,1,0,0,0
4021,0,0,0,0,1,0,0
4022,0,0,0,1,0,0,0
4023,0,0,0,1,1,0,0
4024,0,0,0,1,1,0,0
4025,1,0,0,0,0,0,0
4026,0,0,0,1,0,0,0
4027,1,0,1,0,0,0,0
4030,0,0,1,0,0,0,0
4031,0,0,0,0,1,0,0
4032,0,0,0,0,1,0,0
4034,0,0,1,0,0,0,0
4035,0,0,1,0,0,0,0
4036,0,0,0,1,0,0,0
4037,0,0,1,0,0,0,0
4038,0,0,0,1,0,0,0
4039,0,0,0,1,0,0,0
4040,0,0,0,1,0,0,0
4041,0,0,1,0,0,0,0
4045,0,0,0,1,0,0,0
4048,0,0,0,1,0,0,0
4050,0,0,0,1,0,0,0
4051,0,0,0,1,1,0,0
4053,0,0,0,1,1,0,0
4054,0,0,1,0,0,0,0
4055,0,0,0,1,0,0,0
4056,0,0,0,1,0,0,0
4057,0,0,0,1,0,0,0
4058,0,0,1,0,0,0,0
4059,0,0,1,0,0,0,0
4060,0,0,1,0,0,0,0
4061,0,0,0,1,1,0,0
4062,0,0,1,0,0,0,0
4063,0,0,1,0,0,0,0
4065,0,0,0,1,0,0,0
4068,0,0,0,0,1,0,0
4070,0,0,1,0,1,0,0
4074,0,0,0,1,0,0,0
4075,0,0,1,0,0,0,0
4076,0,1,0,0,0,0,0
4077,0,0,1,0,0,0,0
4078,0,0,0,1,0,0,0
4079,0,0,1,0,1,0,0
4080,0,0,0,1,1,0,0
4081,0,0,0,1,0,0,0
4083,1,0,0,1,1,0,0
4086,0,0,0,1,0,0,0
4087,0,0,0,1,1,0,0
4088,0,0,1,0,0,0,0
4090,0,0,0,0,1,0,0
4091,0,0,0,1,0,0,0
4092,0,0,0,0,1,0,0
4094,0,0,0,1,0,0,0
4095,0,0,0,1,0,0,0
4097,0,0,0,1,1,0,0
4098,0,0,0,1,0,0,0
4099,0,0,1,0,0,0,0
4100,0,0,0,1,0,0,0
4101,0,0,1,0,0,0,0
4102,0,0,0,1,1,0,0
4104,0,0,1,0,0,0,0
4106,1,0,1,0,0,0,0
4108,0,0,1,0,0,0,0
4109,0,0,0,1,0,0,0
4111,0,0,1,0,0,0,0
4112,0,0,0,1,1,0,0
4114,1,0,0,1,0,0,0
4115,0,0,0,1,0,0,0
4119,0,0,1,0,0,0,0
4120,0,0,0,1,0,0,0
4123,0,0,0,1,1,0,0
4124,0,0,1,0,0,0,0
4128,0,0,0,1,0,0,0
4129,0,1,0,1,0,0,0
4130,0,0,0,1,0,0,0
4131,0,0,0,0,1,0,0
4133,0,0,1,0,0,0,0
4134,0,0,0,0,1,0,0
4135,0,0,0,0,1,0,0
4137,0,0,0,1,0,0,0
4138,0,0,1,0,0,0,0
4139,0,0,0,0,1,0,0
4140,0,0,0,1,1,0,0
4142,0,0,1,0,0,0,0
4143,0,0,0,1,0,0,0
4144,0,0,0,0,1,0,0
4145,0,0,0,1,0,0,0
4146,0,1,0,1,0,0,0
4147,0,0,1,0,0,0,0
4149,0,0,0,1,0,0,0
4152,0,0,1,0,0,0,0
4153,0,0,0,1,0,0,0
4156,0,0,0,1,0,0,0
4157,0,0,0,1,1,0,0
4158,0,1,0,1,0,0,0
4159,0,0,1,0,0,0,0
4160,0,0,0,1,1,0,0
4161,0,0,0,1,0,0,0
4162,0,0,0,0,1,0,0
4164,0,0,0,1,0,0,0
4172,0,0,0,1,1,0,0
4173,0,0,0,1,1,0,0
4175,0,0,0,1,1,0,0
4176,0,0,0,0,1,0,0
4177,0,0,0,1,1,0,0
4178,0,0,0,1,0,0,0
4179,0,0,1,0,0,0,0
4180,0,0,0,1,0,0,0
4181,0,0,0,1,0,0,0
4182,0,0,1,0,0,0,0
4184,0,0,0,0,1,0,0
4185,0,0,1,0,0,0,0
4187,0,0,0,1,0,0,0
4188,1,0,0,0,0,0,0
4189,0,0,0,1,0,0,0
4190,0,0,0,1,0,0,0
4191,0,0,0,1,0,0,0
4192,0,0,0,1,1,0,0
4194,0,0,0,1,0,0,0
4195,0,0,0,1,0,0,0
4196,0,0,0,1,0,0,0
4199,1,0,0,0,0,0,0
4200,0,0,0,1,1,0,0
4201,0,0,0,1,0,0,0
4202,0,0,1,0,0,0,0
4203,1,0,1,0,0,0,0
4204,0,0,1,0,0,0,0
4207,0,0,0,1,0,0,0
4208,0,1,0,1,0,0,0
4209,0,0,0,1,0,0,0
4211,0,0,0,1,0,0,0
4212,0,0,0,1,0,0,0
4213,1,0,0,0,0,0,0
4218,0,0,0,0,1,0,0
4219,0,0,1,0,0,0,0
4220,0,0,1,0,0,0,0
4221,0,0,0,1,0,0,0
4222,1,0,0,0,0,0,0
4223,0,0,0,1,1,0,0
4224,0,0,0,1,1,0,0
4225,0,1,0,1,0,0,0
4226,0,0,1,0,0,0,0
4229,0,0,0,0,1,0,0
4231,0,0,1,0,0,0,0
4236,0,0,0,1,1,0,0
4237,0,0,0,1,0,0,0
4238,0,0,1,0,0,0,0
4240,0,0,0,1,0,0,0
4241,0,0,1,0,0,0,0
4242,0,0,0,0,1,0,0
4243,0,0,1,0,0,0,0
4244,0,0,0,0,0,1,0
4245,0,0,0,1,1,0,0
4246,0,0,1,0,0,0,0
4247,1,0,0,0,0,0,0
4251,0,0,0,0,1,0,0
4253,0,0,0,1,0,0,0
4254,0,0,0,1,0,0,0
4255,0,0,0,1,1,0,0
4256,0,0,0,1,0,0,0
4257,0,0,0,1,1,0,0
4258,0,0,0,1,0,0,0
4259,0,0,0,1,1,0,0
4263,0,0,1,0,0,0,0
4265,0,1,0,1,0,0,0
4266,0,0,0,1,0,0,0
4268,0,0,0,1,0,0,0
4269,0,0,0,0,1,0,0
4270,0,0,0,0,1,0,0
4271,0,0,0,1,0,0,0
4272,0,0,0,0,1,0,0
4273,0,0,0,1,0,0,0
4275,0,0,1,0,0,0,0
4276,0,0,0,1,0,0,0
4278,0,0,0,1,0,0,0
4279,0,0,0,1,0,0,0
4280,0,0,0,1,0,0,0
4282,0,0,1,0,0,0,0
4283,0,0,0,1,0,0,0
4284,0,0,0,1,0,0,0
4287,0,0,1,0,0,0,0
4288,0,0,1,0,0,0,0
4289,0,0,1,0,0,0,0
4290,0,0,0,1,1,0,0
4291,0,0,0,1,0,0,0
4292,0,0,1,0,0,0,0
4293,0,0,0,1,0,0,0
4294,0,0,0,1,0,0,0
4295,0,0,0,0,1,0,0
4296,0,0,1,0,0,0,0
4297,0,0,0,1,0,0,0
4299,0,0,1,0,0,0,0
4300,0,0,0,1,0,0,0
4302,0,0,0,1,0,0,0
4303,0,0,1,0,0,0,0
4305,0,0,0,1,0,0,0
4306,0,0,0,0,1,0,0
4307,0,0,1,0,0,0,0
4311,0,0,0,1,0,0,0
4312,0,0,0,1,0,0,0
4313,0,0,1,0,0,0,0
4314,0,0,1,0,0,0,0
4315,1,1,1,1,0,0,0
4316,0,0,0,1,1,0,0
4317,0,0,0,0,1,0,0
4318,0,0,0,1,1,0,0
4319,1,0,1,0,0,0,0
4321,0,0,1,0,0,0,0
4323,0,0,0,1,1,0,0
4324,0,0,0,1,1,0,0
4325,0,0,0,1,0,0,0
4326,0,0,0,1,1,0,0
4328,0,0,1,0,0,0,0
4329,1,0,0,1,1,0,0
4330,0,0,1,0,0,0,0
4331,0,0,1,0,0,0,0
4333,0,0,1,0,0,0,0
4334,0,0,0,0,1,0,0
4335,0,0,1,0,0,0,0
4336,0,0,1,0,0,0,0
4338,0,0,0,1,0,0,0
4339,0,0,0,1,0,0,0
4340,0,1,0,0,1,0,0
4342,0,0,1,0,0,0,0
4344,0,0,1,0,0,0,0
4347,0,0,0,1,0,0,0
4348,0,0,1,0,0,0,0
4350,0,0,1,0,1,0,0
4351,0,0,1,0,0,0,0
4352,0,0,0,1,0,0,0
4353,0,0,0,0,1,0,0
4354,0,0,0,1,0,0,0
4355,0,0,1,0,0,0,0
4356,0,0,0,1,0,0,0
4358,0,0,0,1,0,0,0
4360,0,0,1,0,0,0,0
4361,0,0,0,1,0,0,0
4364,0,0,0,0,1,0,0
4365,0,0,1,0,0,0,0
4366,0,0,0,1,0,0,0
4369,0,0,1,0,0,0,0
4373,0,0,0,1,1,0,0
4374,0,0,0,1,1,0,0
4375,0,0,1,0,0,0,0
4377,0,0,0,1,1,0,0
4378,0,0,0,1,0,0,0
4379,0,0,1,0,0,0,0
4380,0,0,0,1,1,0,0
4381,0,1,1,0,0,0,0
4382,1,0,1,0,1,0,0
4383,0,0,0,1,1,0,0
4384,0,0,1,0,0,0,0
4386,0,0,1,0,1,0,0
4387,0,0,0,1,0,0,0
4388,0,0,0,0,1,0,0
4389,0,0,0,1,0,0,0
4390,0,0,0,1,0,0,0
4392,0,0,0,1,0,0,0
4394,0,0,1,0,0,0,0
4395,0,0,0,1,0,0,0
4396,0,0,0,1,1,0,0
4397,1,0,1,0,0,0,0
4398,0,0,1,0,0,0,0
4399,0,0,0,1,0,0,0
4401,0,0,0,1,1,0,0
4403,0,0,0,1,1,0,0
4404,1,0,0,1,0,0,0
4410,0,0,1,0,0,0,0
4411,0,0,1,0,0,0,0
4412,0,0,0,1,0,0,0
4414,0,0,0,1,0,0,0
4415,0,0,0,1,0,0,0
4417,0,0,0,1,0,0,0
4419,0,0,0,0,1,0,1
4420,0,0,0,1,0,0,0
4421,0,0,1,0,0,0,0
4423,0,0,0,1,0,0,0
4424,0,0,0,1,0,0,0
4429,0,0,0,1,1,0,0
4430,0,0,1,0,0,0,0
4431,0,0,0,1,0,0,0
4433,1,0,1,0,1,0,0
4434,0,0,0,0,1,0,0
4441,0,0,0,1,1,0,0
4443,0,0,0,1,1,0,0
4445,0,0,1,0,0,0,0
4448,0,0,0,1,0,0,0
4449,0,1,0,0,0,0,0
4450,0,0,0,1,1,0,0
4452,0,0,0,1,0,0,0
4454,0,0,0,1,0,0,0
4455,0,0,1,0,0,0,0
4456,0,0,0,1,1,0,0
4457,0,0,1,0,1,0,0
4458,0,0,0,1,0,0,0
4459,0,0,1,0,0,0,0
4463,0,0,1,0,0,0,0
4464,1,0,0,1,0,0,0
4466,0,0,0,1,1,0,0
4468,0,0,1,0,0,0,0
4469,0,0,1,0,0,0,0
4470,0,0,0,0,1,0,0
4471,0,0,0,1,0,0,0
4472,0,0,0,1,0,0,0
4474,0,0,0,1,1,0,0
4476,0,1,0,1,1,0,0
4482,0,0,1,0,0,0,0
4485,0,0,0,1,1,0,0
4486,0,0,0,1,0,0,0
4487,0,0,0,1,1,0,0
4488,0,0,1,0,0,0,0
4489,0,0,0,1,0,0,0
4490,0,0,0,1,0,0,0
4492,0,0,1,0,0,0,0
4494,0,0,0,1,0,0,0
4496,0,0,0,1,1,0,0
4499,0,0,0,1,0,0,0
4502,0,0,1,0,0,0,0
4503,0,0,0,1,0,0,0
4504,0,0,0,1,0,0,1
4505,0,0,0,1,1,0,0
4506,0,0,0,1,0,0,0
4507,0,0,0,1,1,0,0
4508,0,0,0,1,1,0,0
4509,0,0,1,0,0,0,0
4511,1,0,0,0,0,0,0
4512,0,0,0,1,0,0,0
4513,0,0,0,1,0,0,0
4514,0,0,0,1,0,0,0
4515,0,0,0,1,0,0,0
4516,0,0,0,1,0,0,0
4517,0,0,0,1,0,0,0
4518,0,0,0,1,0,0,0
4519,0,0,0,1,0,0,0
4520,0,0,0,1,0,0,0
4521,0,0,0,0,1,0,0
4524,0,0,1,0,0,0,0
4525,0,0,0,0,1,0,0
4526,0,0,1,0,0,0,0
4527,0,0,1,0,0,0,0
4528,0,0,0,1,0,0,0
4530,0,0,1,0,0,0,0
4532,0,0,0,1,1,0,0
4534,0,0,0,1,0,0,0
4535,0,0,0,1,1,0,0
4536,0,0,0,1,0,0,0
4537,0,0,0,0,0,1,0
4538,0,0,0,1,0,0,0
4541,0,0,1,0,0,0,0
4544,0,0,0,1,1,0,0
4545,0,0,0,1,0,0,0
4547,0,0,1,0,0,0,0
4548,0,0,0,1,0,0,0
4550,0,0,1,0,0,0,0
4553,0,0,1,0,0,0,0
4560,0,0,0,1,0,0,0
4561,0,0,1,0,0,0,0
4562,1,0,0,0,0,0,0
4563,0,0,0,1,0,0,0
4564,0,0,0,1,1,0,0
4566,0,0,0,1,0,0,0
4567,0,0,0,0,1,0,0
4568,0,0,1,0,0,0,0
4570,0,0,0,1,0,0,0
4572,0,0,1,0,1,0,0
4573,0,0,1,0,0,0,0
4575,0,0,0,1,1,0,0
4576,0,0,0,1,0,0,0
4577,0,0,0,1,0,0,0
4578,0,0,0,1,0,0,0
4581,0,0,0,1,0,0,0
4582,0,0,1,0,0,0,0
4583,0,0,0,1,0,0,0
4584,0,1,0,1,1,0,0
4585,0,0,0,1,1,1,0
4587,0,0,1,0,0,0,0
4588,0,0,0,0,1,0,0
4589,0,0,1,0,0,0,0
4590,0,0,0,1,0,0,0
4592,0,0,1,0,0,0,0
4593,0,0,0,1,0,0,0
4594,0,0,1,0,1,0,0
4597,0,0,1,0,0,0,0
4598,0,0,1,0,0,0,0
4600,0,0,0,1,0,0,0
4603,0,0,1,0,0,0,0
4604,0,0,0,0,1,0,0
4606,0,0,0,1,0,0,0
4607,0,0,1,0,0,0,0
4608,0,0,0,0,1,0,0
4609,0,1,0,1,0,0,0
4610,0,0,1,0,0,0,0
4614,0,0,1,0,0,0,0
4615,0,0,0,1,0,0,0
4617,0,0,0,1,0,0,0
4618,0,0,1,0,0,0,0
4619,0,0,1,0,0,0,0
4620,0,0,0,1,1,0,0
4621,0,0,0,1,1,0,0
4622,0,0,1,0,0,0,0
4624,0,0,0,1,1,0,0
4625,0,0,0,1,0,0,0
4627,0,0,1,0,0,0,0
4630,1,0,0,0,0,0,0
4632,0,0,0,0,1,0,0
4634,0,0,0,1,0,0,0
4635,0,0,0,1,1,0,0
4636,0,0,0,1,0,0,0
4637,0,0,0,1,0,0,0
4639,0,0,0,1,0,0,0
4640,0,0,1,0,1,0,0
4641,0,0,0,1,0,0,0
4642,0,0,0,1,0,0,0
4643,0,0,0,1,1,0,0
4644,0,0,0,1,0,0,0
4645,0,0,0,1,1,0,0
4646,0,0,1,0,0,0,0
4648,0,0,0,1,0,0,0
4650,0,0,0,1,0,0,0
4652,0,0,1,0,0,0,0
4653,0,0,0,1,1,0,0
4654,0,0,1,0,1,0,0
4655,0,0,0,1,1,0,0
4656,0,0,1,0,0,0,1
4657,0,0,0,0,1,0,0
4658,0,0,0,1,0,0,0
4663,0,0,1,0,0,0,0
4664,0,0,0,1,1,0,0
4665,0,0,0,1,0,0,0
4666,0,0,1,0,0,0,0
4667,0,0,0,1,0,0,0
4668,0,0,1,0,0,0,0
4669,0,0,0,1,1,0,0
4670,0,0,0,1,0,0,0
4671,0,0,0,1,0,0,0
4672,0,0,1,0,0,0,0
4675,0,0,1,0,0,0,0
4676,0,0,0,1,0,0,0
4677,0,0,0,1,0,0,0
4678,0,1,0,1,0,0,0
4679,0,0,0,1,0,0,0
4681,0,0,0,1,0,0,0
4682,0,0,0,1,0,0,0
4684,0,0,1,0,0,0,0
4685,0,0,0,0,0,1,0
4686,0,0,0,1,0,0,0
4687,0,0,1,0,1,0,0
4689,0,0,0,1,0,0,0
4690,0,0,0,1,0,0,0
4691,0,0,1,0,1,0,0
4693,0,0,0,1,1,0,0
4694,0,0,1,0,0,0,0
4695,0,0,0,1,0,0,0
4696,0,0,0,1,0,0,0
4697,0,0,0,1,0,0,0
4699,0,0,1,0,0,0,0
4700,0,0,0,1,1,0,0
4701,0,0,0,1,0,0,0
4703,0,0,0,1,1,0,0
4704,0,0,0,0,1,0,0
4705,0,0,0,1,0,0,0
4707,0,0,0,1,1,0,0
4708,0,0,0,1,1,0,0
4710,0,0,0,1,0,0,0
4711,0,0,0,1,0,0,0
4712,1,0,0,0,0,0,0
4713,0,0,1,0,0,0,0
4714,0,0,0,1,0,0,0
4715,0,0,0,1,0,0,0
4716,0,0,0,1,0,0,0
4718,0,1,0,1,0,0,0
4719,0,0,1,0,0,0,0
4720,0,0,1,1,0,0,0
4721,0,0,0,1,1,0,0
4722,0,0,1,0,0,0,0
4723,0,0,0,1,0,0,0
4724,0,0,0,1,0,0,0
4725,0,0,0,1,0,0,0
4726,0,0,0,1,0,0,0
4731,0,0,0,0,1,0,0
4732,0,0,0,1,0,0,0
4733,0,0,0,1,0,0,0
4734,0,0,0,1,0,0,0
4737,0,0,0,0,1,0,0
4739,0,0,0,1,1,0,0
4741,0,0,0,1,0,0,0
4743,0,0,1,0,0,0,0
4744,0,0,0,1,0,0,0
4745,0,0,0,1,1,0,0
4746,0,0,0,1,0,0,0
4747,0,0,0,1,0,0,0
4750,0,0,0,0,1,0,0
4751,0,0,0,1,0,0,0
4754,0,0,1,0,0,0,0
4756,0,0,1,0,0,0,0
4758,0,0,0,1,0,0,0
4760,0,0,1,0,0,0,0
4764,0,0,1,0,0,0,0
4765,0,0,0,1,0,0,0
4766,0,0,0,1,1,0,0
4768,0,0,0,1,1,0,0
4769,0,0,0,1,1,0,0
4770,0,0,1,0,0,0,0
4773,1,0,0,1,1,0,0
4774,0,0,0,1,0,0,0
4775,0,0,1,0,0,0,0
4776,0,0,0,1,1,0,0
4777,0,0,1,0,0,0,0
4778,0,0,0,1,1,0,0
4779,1,0,0,0,0,0,0
4781,0,0,0,1,0,0,0
4782,0,0,0,1,0,0,0
4784,0,0,0,1,0,0,0
4785,0,0,0,1,0,0,0
4786,1,0,0,0,0,0,0
4787,0,0,0,1,0,0,1
4788,0,0,1,0,0,0,0
4791,0,0,1,0,0,0,0
4794,0,0,0,1,1,0,0
4795,0,0,0,1,0,0,0
4797,0,0,1,0,0,0,0
4799,0,0,0,1,1,0,0
4801,0,0,0,1,0,0,0
4802,0,0,0,1,0,0,0
4805,0,0,0,1,0,0,0
4807,0,0,1,0,0,0,0
4809,0,0,0,1,1,0,0
4810,0,0,1,0,0,0,0
4811,0,0,1,0,0,0,0
4812,0,0,0,1,1,0,0
4813,0,0,1,0,0,0,0
4815,0,0,0,0,0,0,1
4816,0,0,1,0,0,0,0
4817,0,0,1,0,0,0,0
4818,0,0,0,1,0,0,0
4819,0,0,0,1,1,0,0
4820,0,0,0,1,1,0,0
4821,0,0,0,1,1,0,0
4822,0,0,0,1,0,0,0
4823,0,0,0,1,1,0,0
4825,0,0,1,0,0,0,0
4829,0,0,1,0,0,0,0
4830,0,0,0,1,0,0,0
4831,0,0,0,0,1,0,0
4832,0,0,1,0,0,0,0
4833,0,0,0,1,0,0,0
4834,0,0,1,0,0,0,0
4835,0,0,0,1,1,0,0
4836,0,0,0,1,0,0,0
4837,0,0,1,0,0,0,0
4838,0,0,0,1,1,0,0
4841,0,0,0,1,1,0,0
4843,0,0,1,0,0,0,0
4844,0,0,0,1,1,0,0
4847,0,0,0,1,1,0,0
4853,0,0,0,1,1,0,0
4855,0,0,1,0,0,0,0
4856,0,0,0,0,1,0,0
4857,0,0,1,0,0,0,0
4858,0,0,0,0,1,0,0
4859,0,1,0,1,1,0,0
4860,1,0,0,0,0,0,0
4861,0,0,0,1,0,0,0
4864,0,0,0,1,0,0,0
4867,0,0,0,1,1,0,0
4868,0,0,0,1,0,0,0
4869,0,0,0,1,0,0,0
4870,0,0,0,1,0,0,0
4871,0,0,0,1,0,0,0
4872,0,0,0,1,0,0,0
4874,0,0,0,1,1,0,0
4875,0,0,0,1,0,0,0
4877,0,0,0,1,1,0,0
4878,0,0,1,0,0,0,0
4879,0,0,0,0,1,0,0
4880,0,0,0,0,1,0,0
4882,0,0,0,1,0,0,0
4883,0,0,0,1,0,0,0
4884,0,0,0,1,0,0,0
4885,0,0,0,1,0,0,0
4889,0,0,0,1,0,0,0
4890,0,0,0,1,0,0,0
4891,0,0,0,1,1,0,0
4892,0,0,1,0,1,0,0
4893,0,0,0,1,0,0,0
4894,0,0,0,1,1,0,0
4895,0,0,1,0,0,0,0
4897,0,0,0,1,1,0,0
4899,0,0,1,0,0,0,0
4900,0,0,0,1,0,0,0
4901,0,0,0,1,1,0,0
4902,0,0,0,0,1,0,0
4903,0,0,1,0,1,0,0
4904,1,0,0,0,0,0,0
4905,0,0,0,1,0,0,0
4906,0,0,0,1,1,0,0
4908,0,0,0,1,0,0,0
4910,0,0,0,1,1,0,0
4911,0,0,0,1,0,0,0
4913,0,0,0,1,1,0,0
4914,0,0,0,1,0,0,0
4915,0,0,0,1,0,0,0
4917,0,0,0,1,1,0,0
4919,0,0,1,0,0,0,0
4920,1,1,0,0,1,0,0
4921,0,0,0,1,1,0,0
4924,0,0,0,1,1,0,0
4926,0,0,0,1,0,0,0
4927,0,0,0,1,0,0,0
4928,0,0,1,0,1,0,0
4929,0,0,0,1,0,0,0
4930,0,0,0,1,0,0,0
4932,0,0,1,0,0,0,0
4935,0,0,0,1,0,0,0
4936,0,0,1,0,0,0,0
4938,0,0,1,0,0,0,0
4939,1,0,1,0,0,0,0
4940,0,0,0,1,1,0,0
4942,0,0,1,0,0,0,0
4944,0,0,1,0,0,0,0
4945,0,0,1,0,0,0,0
4946,0,0,0,1,1,0,0
4948,0,0,1,0,0,0,0
4949,0,0,0,1,0,0,0
4950,0,0,0,1,0,0,0
4952,0,0,0,1,1,0,0
4954,0,0,0,1,0,0,0
4955,0,0,0,1,0,0,0
4956,1,0,0,0,0,0,0
4957,0,0,0,1,0,0,0
4959,0,0,0,0,1,0,0
4960,0,0,0,1,1,0,0
4961,0,1,0,1,1,0,0
4962,0,0,0,1,0,0,0
4963,0,0,0,1,0,0,0
4964,0,0,1,0,0,0,0
4965,0,0,0,1,0,0,0
4966,0,0,0,1,0,0,0
4967,0,0,0,1,0,0,0
4968,0,0,0,1,0,0,0
4969,0,0,1,0,0,0,0
4971,0,0,0,1,0,0,0
4972,0,0,1,0,0,0,0
4973,0,0,1,0,0,0,0
4975,0,0,1,0,0,0,0
4977,0,0,0,1,1,0,0
4978,0,0,1,0,0,0,0
4979,0,0,0,1,1,0,0
4982,0,0,1,0,0,0,0
4983,0,0,0,1,0,0,0
4986,0,0,0,1,0,0,0
4987,0,0,0,1,0,0,0
4988,0,0,1,0,0,0,0
4989,0,0,1,0,0,0,0
4990,0,0,0,1,0,0,0
4991,0,0,1,0,0,0,0
4992,0,0,0,0,1,0,0
4993,0,0,0,1,0,0,0
4998,0,0,1,0,0,0,0
5000,0,0,0,1,1,0,0
5001,0,0,1,0,0,0,0
5003,0,0,0,1,0,0,0
5005,0,0,0,0,1,0,0
5006,0,0,1,0,0,0,0
5007,0,1,0,1,0,0,0
5011,0,0,1,0,0,0,0
5012,0,0,1,0,0,0,0
5013,0,0,1,0,0,0,0
5014,1,0,1,0,0,0,0
5016,0,0,1,0,0,0,0
5018,0,0,0,1,0,0,0
5019,0,0,0,1,1,0,0
5020,0,0,0,1,0,0,0
5021,0,0,0,1,0,0,0
5022,0,0,0,1,1,0,0
5024,0,0,1,0,0,0,0
5027,0,0,1,0,0,0,0
5031,0,0,0,1,0,0,0
5033,0,0,1,0,0,0,0
5034,0,0,0,0,1,0,0
5036,0,0,1,0,0,0,0
5037,0,0,0,1,0,0,0
5038,0,0,0,1,1,0,0
5039,0,0,0,1,1,0,0
5040,0,0,1,0,0,0,0
5041,0,0,0,1,1,0,0
5042,0,0,1,0,0,0,0
5043,0,1,0,1,1,0,0
5045,0,0,1,0,0,0,0
5047,0,0,0,1,0,0,0
5048,0,0,0,1,0,0,0
5049,0,1,0,1,0,0,0
5051,0,0,1,0,0,0,0
5052,0,0,0,1,1,0,0
5053,0,0,0,1,1,0,0
5055,0,0,0,1,0,0,0
5058,0,0,1,0,0,0,0
5059,0,0,0,0,1,0,0
5061,0,0,1,0,0,0,0
5064,0,0,0,1,0,0,0
5067,0,0,0,1,0,0,0
5070,0,0,0,1,0,0,0
5071,0,0,1,0,0,0,0
5072,0,0,1,0,0,0,0
5073,1,1,0,1,0,0,0
5074,0,0,0,1,0,0,0
5075,0,0,0,0,1,1,0
5076,0,0,1,0,0,0,0
5077,0,0,0,1,0,0,0
5078,0,0,0,1,0,0,0
5080,0,1,0,1,0,0,0
5081,0,0,1,0,1,0,0
5082,1,0,0,0,0,0,0
5083,0,0,1,0,0,0,0
5084,0,0,0,1,0,0,0
5085,0,0,0,1,0,0,0
5086,0,0,0,1,1,0,0
5087,0,0,1,0,0,0,0
5088,0,0,1,0,0,0,0
5089,0,0,0,1,1,0,0
5090,1,0,0,0,1,0,0
5092,0,0,0,1,0,0,0
5095,0,0,0,1,0,0,0
5096,0,0,0,1,0,0,0
5097,0,0,0,1,0,0,0
5098,0,0,1,0,0,0,0
5099,0,0,0,1,0,0,0
5100,0,1,0,1,0,0,0
5101,0,0,1,0,0,0,0
5102,0,0,1,0,0,0,0
5104,0,0,1,1,0,0,0
5105,0,0,0,0,1,0,0
5106,0,0,0,1,0,0,0
5107,0,0,0,0,1,0,0
5108,0,0,0,0,1,0,0
5109,0,0,0,1,0,0,0
5110,0,0,1,0,0,0,0
5112,0,0,0,1,0,0,0
5113,0,0,0,1,1,1,0
5114,0,0,1,0,0,0,0
5115,0,0,0,1,1,0,0
5116,1,0,0,1,0,0,0
5117,0,0,0,1,0,0,0
5118,1,0,0,0,0,0,0
5119,0,0,0,1,0,0,0
5121,0,0,1,0,0,0,0
5122,0,0,0,1,0,0,0
5123,0,0,0,1,1,0,0
5125,1,0,0,0,0,0,0
5127,0,0,1,0,0,0,0
5130,0,0,0,1,0,0,0
5131,0,0,0,1,0,0,0
5134,0,0,0,1,0,0,0
5135,0,0,1,0,0,0,0
5136,0,0,1,0,0,0,0
5137,0,0,0,0,1,0,0
5139,0,0,0,1,0,0,0
5141,0,0,0,1,0,0,0
5144,0,0,1,0,0,0,0
5145,0,0,0,1,0,0,0
5146,0,1,1,0,0,0,0
5148,0,0,0,1,0,0,0
5149,0,0,0,1,1,0,0
5150,0,0,1,0,0,0,0
5151,0,0,0,1,1,0,0
5152,0,0,0,1,0,0,1
5153,0,0,0,0,1,0,0
5155,0,0,0,1,0,0,0
5156,0,0,1,0,1,0,0
5158,0,0,0,1,1,0,0
5160,0,0,0,1,0,0,0
5161,1,1,0,1,0,0,0
5162,0,0,1,0,0,0,0
5164,0,0,0,1,1,0,0
5166,0,0,1,0,0,0,0
5167,0,0,0,1,1,0,0
5168,0,0,0,1,1,0,0
5171,0,0,0,1,1,0,0
5172,0,0,0,1,0,0,0
5173,0,0,1,0,1,0,0
5174,0,0,0,1,1,0,0
5175,0,0,0,0,0,0,1
5176,0,0,0,0,1,0,0
5178,0,0,1,0,0,0,0
5179,0,0,0,0,1,0,0
5182,0,1,0,0,1,0,0
5184,0,0,0,1,0,0,0
5185,0,0,0,0,1,0,0
5187,0,0,0,1,1,0,0
5189,0,0,1,0,0,0,0
5190,0,0,0,1,0,0,0
5192,0,0,0,1,0,0,0
5193,0,0,0,1,0,0,0
5194,0,0,0,1,1,0,0
5195,0,0,0,1,1,0,0
5196,0,0,0,1,1,0,0
5197,0,0,0,0,1,0,0
5198,1,0,0,0,0,0,0
5200,0,0,1,0,0,0,0
5201,0,0,0,1,0,0,0
5202,0,0,1,0,0,0,0
5203,0,0,0,1,0,0,0
5207,0,0,1,0,0,0,0
5208,0,0,0,1,0,0,0
5211,0,0,0,0,1,0,0
5212,0,0,0,1,0,0,0
5214,0,0,1,0,0,0,0
5215,0,0,0,0,1,0,0
5216,0,0,0,1,1,0,0
5217,0,0,1,0,0,0,0
5218,0,0,0,1,1,0,0
5219,0,0,1,0,0,0,0
5220,0,0,0,1,1,0,0
5222,0,0,0,1,1,0,0
5223,0,0,1,0,0,0,0
5224,0,0,0,1,0,0,0
5225,0,0,0,1,0,0,0
5230,0,0,1,0,0,0,0
5231,0,0,1,0,0,0,0
5232,0,0,0,1,0,0,0
5233,0,0,0,1,0,0,0
5234,0,0,0,0,1,0,0
5236,0,0,1,0,0,0,0
5237,0,0,1,0,1,0,0
5238,0,0,0,1,0,0,0
5240,0,0,1,0,1,0,0
5241,0,0,0,1,0,0,0
5243,0,0,0,1,0,0,0
5245,0,0,0,0,1,0,0
5247,0,0,0,1,0,0,0
5248,0,0,0,1,0,0,1
5251,0,0,0,1,0,0,0
5254,0,0,0,1,0,0,0
5256,0,1,0,0,0,0,0
5257,0,1,0,0,1,0,0
5258,0,0,0,0,1,0,0
5261,0,0,1,0,0,0,0
5262,0,0,1,0,0,0,0
5264,0,0,0,1,0,0,0
5265,0,0,1,0,1,0,0
5266,0,0,0,1,0,0,0
5267,0,0,0,1,0,0,0
5268,0,0,0,1,0,0,0
5269,0,0,0,1,1,0,0
5271,0,0,1,0,1,0,0
5272,0,0,1,0,0,0,0
5274,0,0,1,0,0,0,0
5275,1,0,1,0,1,0,0
5276,0,0,0,1,0,0,0
5277,0,0,1,0,0,0,0
5278,0,0,0,1,1,0,0
5279,0,0,0,0,1,0,0
5280,0,0,1,0,0,0,0
5282,0,0,0,1,0,0,0
5288,0,0,0,1,0,0,0
5294,0,0,0,0,0,1,0
5296,0,0,0,1,0,0,0
5297,0,0,0,1,0,0,0
5304,0,0,0,1,1,0,0
5307,0,0,1,0,0,0,0
5308,0,0,1,0,0,0,0
5310,0,0,0,1,0,0,0
5312,0,0,0,1,0,0,0
5313,0,0,1,0,0,0,0
5316,0,0,0,1,0,0,0
5318,0,0,0,1,0,0,0
5319,0,0,0,0,1,0,0
5324,0,0,0,1,0,0,0
5325,0,0,1,0,0,0,0
5326,0,0,0,1,0,0,0
5327,0,0,1,0,0,1,0
5328,0,0,0,0,1,0,0
5329,0,0,1,0,0,0,0
5331,0,0,0,1,1,0,0
5332,0,0,1,0,0,0,0
5333,0,0,1,0,0,0,0
5334,0,1,0,0,1,0,0
5335,0,0,1,0,0,0,0
5336,1,0,0,0,0,0,0
5337,0,0,0,1,0,0,0
5338,0,0,0,1,0,0,0
5340,0,0,0,1,0,0,0
5342,0,0,1,0,0,0,0
5346,0,0,1,0,0,0,0
5348,0,0,1,0,0,0,0
5349,0,0,0,1,0,0,0
5350,0,0,0,1,0,0,0
5351,0,0,0,1,0,0,0
5353,0,0,0,1,0,0,0
5355,0,0,0,0,1,0,0
5359,0,0,0,1,0,0,0
5362,0,0,1,0,0,0,0
5363,0,0,0,1,0,0,0
5364,0,0,0,1,0,0,0
5365,0,0,1,0,0,0,0
5366,0,0,0,1,1,0,0
5367,0,0,1,0,0,0,0
5368,0,0,0,1,0,0,0
5369,0,0,1,0,0,0,0
5370,0,0,1,0,0,0,0
5371,0,0,1,0,0,0,0
5372,0,0,0,1,0,0,0
5373,0,0,1,0,0,0,0
5375,0,0,0,1,1,0,0
5376,0,0,0,1,0,0,0
5377,0,0,0,1,0,0,0
5378,0,0,1,0,0,0,0
5379,0,0,0,0,0,0,1
5380,0,0,1,0,0,0,0
5381,0,0,0,1,0,0,0
5382,0,0,0,1,1,0,0
5383,0,0,0,1,0,0,0
5384,0,0,0,1,1,0,0
5385,0,0,1,0,0,0,0
5386,0,0,0,1,1,0,0
5389,0,0,0,0,1,0,0
5391,0,0,1,0,0,0,0
5392,0,0,0,1,1,0,0
5393,0,0,1,0,0,0,0
5394,0,0,0,1,1,0,0
5396,1,0,0,0,0,0,0
5397,0,0,0,1,1,0,0
5398,0,0,0,1,0,0,0
5399,0,1,0,1,0,0,0
5402,0,0,0,0,1,0,0
5403,0,0,1,0,0,0,0
5405,0,0,0,1,0,0,0
5406,0,0,0,1,0,0,0
5407,0,0,0,1,1,0,0
5408,0,0,0,1,0,0,0
5409,0,0,0,1,1,0,0
5411,0,0,0,1,0,0,0
5414,0,0,0,1,1,0,0
5415,0,1,0,1,0,0,0
5416,0,0,1,0,0,0,0
5417,1,0,0,0,1,0,0
5422,0,0,1,0,0,0,1
5424,0,0,0,1,0,0,0
5425,0,0,0,1,1,0,0
5426,0,0,1,0,0,0,0
5428,0,0,1,0,0,0,0
5429,0,0,0,1,0,0,0
5432,0,0,1,0,0,0,0
5434,0,0,1,0,0,0,0
5436,0,0,1,0,0,0,0
5438,0,0,1,0,0,0,0
5439,0,0,1,0,0,0,0
5440,0,0,1,1,0,0,0
5441,0,0,1,0,0,0,0
5443,0,0,0,1,0,0,0
5444,0,0,0,1,1,0,0
5446,0,0,1,0,0,0,0
5450,0,0,1,0,0,0,0
5451,0,0,0,1,0,0,0
5452,0,0,0,1,0,0,0
5455,0,0,0,1,0,0,0
5456,0,0,0,1,0,0,0
5458,0,0,1,0,0,0,0
5459,0,0,0,1,1,0,0
5460,0,0,0,1,0,0,0
5461,0,0,1,0,0,0,0
5462,0,0,0,0,1,0,0
5463,0,0,0,1,0,0,0
5464,0,0,1,0,0,0,0
5466,0,0,0,0,1,0,0
5467,0,0,0,1,0,0,0
5468,0,0,1,0,0,0,0
5469,0,0,0,0,1,0,0
5470,0,0,1,0,0,0,0
5471,0,0,1,0,0,0,0
5472,0,0,0,1,0,0,0
5474,0,0,0,1,0,0,0
5475,0,0,1,0,0,0,0
5476,0,0,0,1,0,1,0
5480,0,0,1,0,0,0,0
5481,0,0,0,1,1,0,0
5483,0,0,0,1,1,0,0
5485,0,0,0,1,0,0,0
5488,1,0,1,0,0,0,0
5490,0,0,0,0,0,1,0
5491,0,1,1,0,0,0,0
5492,0,0,1,1,0,0,0
5493,0,0,0,1,0,0,0
5494,0,0,0,1,1,0,0
5496,0,0,0,0,1,0,0
5497,0,0,1,0,0,0,0
5498,0,0,0,1,1,0,0
5499,0,0,0,1,0,0,0
5500,0,0,1,0,0,0,0
5501,0,0,1,0,0,0,0
5502,0,0,1,1,0,0,0
5503,0,0,1,1,1,0,0
5505,0,0,1,0,1,0,0
5506,0,0,0,1,0,0,0
5507,0,0,0,1,0,0,0
5508,0,0,0,1,0,0,0
5510,0,0,1,0,0,0,0
5511,0,0,0,1,1,0,0
5512,0,0,1,0,0,0,0
5515,0,1,1,0,0,0,0
5517,0,0,0,1,1,0,0
5518,0,0,1,0,0,0,0
5520,0,0,0,1,0,0,0
5524,0,0,0,1,1,0,0
5525,0,0,1,0,0,0,0
5526,0,0,0,1,0,0,0
5527,0,0,1,0,0,0,0
5528,0,0,0,1,0,0,0
5531,0,0,0,0,1,0,0
5532,0,0,0,1,0,0,0
5533,0,0,1,0,0,0,0
5535,0,0,0,1,0,0,0
5537,0,0,0,1,1,0,0
5539,0,0,0,1,0,0,0
5540,0,0,0,1,0,0,0
5544,0,0,0,1,0,0,0
5545,0,0,0,0,1,0,0
5546,0,0,0,0,1,0,0
5547,0,0,0,1,0,0,0
5549,0,0,0,1,0,0,0
5551,0,0,0,1,1,0,0
5552,0,0,1,0,0,0,0
5554,0,0,0,0,1,0,1
5555,0,0,0,1,1,0,0
5556,0,0,0,1,1,0,0
5559,0,1,0,1,0,0,0
5560,0,0,0,1,0,0,0
5561,0,0,1,0,0,0,0
5563,0,0,1,0,0,0,0
5564,0,0,1,0,0,0,0
5565,0,0,0,1,0,0,0
5566,1,0,0,0,1,0,0
5568,0,0,0,1,1,0,0
5570,0,0,1,0,0,0,0
5572,0,0,1,0,1,0,0
5573,0,0,0,1,0,0,0
5574,0,0,0,1,0,0,0
5576,0,0,0,1,0,0,0
5578,0,0,0,1,0,0,0
5579,0,0,0,1,0,0,0
5580,0,0,0,1,0,0,0
5583,0,0,0,1,0,0,0
5584,0,0,1,0,0,0,0
5585,0,0,0,1,0,0,0
5586,0,0,0,1,0,0,0
5589,0,1,0,1,0,0,0
5593,0,0,0,1,0,0,0
5595,0,0,1,0,0,0,0
5597,0,0,0,1,0,0,0
5598,0,0,0,1,0,0,0
5600,0,0,0,0,1,0,0
5601,0,0,0,1,0,0,0
5604,0,0,0,1,0,0,0
5605,0,0,1,0,0,0,0
5606,0,0,0,1,0,0,0
5610,0,0,1,0,0,0,0
5611,0,0,0,1,0,0,0
5618,0,0,0,1,0,0,0
5619,0,0,0,1,1,0,0
5620,0,0,0,1,0,0,0
5622,0,0,1,0,0,0,0
5625,0,0,1,0,0,0,0
5626,0,0,0,1,1,0,0
5627,0,0,0,1,0,0,0
5628,1,0,0,0,0,0,0
5630,0,0,1,0,0,0,0
5631,0,0,1,0,0,0,0
5632,0,0,0,1,1,0,0
5633,0,0,1,0,0,0,0
5635,0,0,0,1,0,0,0
5636,0,0,0,0,1,0,0
5637,0,0,0,1,1,0,0
5638,0,0,0,1,0,0,0
5639,0,0,0,1,0,0,0
5642,0,0,0,1,0,0,0
5643,0,0,1,0,0,0,0
5644,1,0,0,1,1,0,0
5645,0,0,1,0,0,0,0
5646,0,0,0,1,1,0,0
5647,0,0,0,1,1,0,0
5648,0,0,0,1,1,0,0
5649,1,0,0,0,0,0,0
5650,0,0,0,1,1,0,0
5652,0,0,0,1,0,0,0
5653,0,0,0,1,1,0,0
5654,0,0,1,0,0,0,0
5656,0,0,0,1,0,0,0
5657,0,0,0,1,0,0,0
5659,0,0,0,0,1,0,0
5660,1,0,0,1,0,0,0
5661,0,0,0,1,0,0,0
5662,0,0,0,1,0,0,0
5665,0,0,0,1,0,0,0
5666,0,0,0,1,1,0,0
5667,0,0,0,0,1,0,0
5668,0,0,0,1,0,0,0
5671,0,0,0,1,0,0,0
5673,0,0,0,1,0,0,0
5674,0,0,1,0,0,0,0
5675,0,0,1,0,0,0,0
5676,0,0,1,0,0,0,0
5680,1,0,1,0,0,0,0
5682,0,0,1,0,0,0,0
5683,0,0,0,1,0,0,0
5686,0,0,1,0,0,0,0
5687,0,0,0,1,0,0,0
5689,0,0,0,1,0,0,0
5690,0,0,1,0,0,0,0
5692,0,0,1,0,0,0,0
5693,0,0,0,0,1,0,0
5696,0,0,1,0,0,0,0
5697,0,0,1,0,0,0,0
5698,0,0,0,0,1,0,0
5699,0,0,0,1,0,0,0
5701,0,0,0,1,1,0,0
5704,0,0,1,0,0,0,0
5705,0,0,0,1,1,0,0
5708,0,0,0,1,0,0,0
5710,0,0,0,1,0,0,0
5711,0,0,0,0,1,0,0
5712,0,0,1,0,0,0,0
5714,0,0,0,1,0,0,0
5715,0,1,1,0,0,0,0
5716,0,0,1,0,0,0,0
5717,0,0,0,1,0,0,0
5718,1,0,0,0,0,0,0
5723,1,1,0,0,0,0,0
5725,0,0,1,0,0,0,0
5727,0,0,1,0,0,0,0
5728,0,0,0,1,1,0,0
5729,0,0,0,1,1,0,0
5730,0,0,0,1,0,0,0
5732,0,0,0,1,0,0,0
5733,0,0,1,0,1,0,0
5736,0,0,0,1,1,0,0
5737,0,0,1,0,0,0,0
5740,0,0,0,1,0,0,0
5741,0,0,0,1,0,0,0
5742,0,0,0,1,0,0,0
5745,0,0,0,1,1,0,0
5746,0,0,0,1,0,0,0
5747,0,0,1,0,0,0,0
5748,0,0,1,0,0,0,0
5749,1,0,0,0,0,0,0
5751,0,0,0,1,0,0,0
5753,0,0,1,0,0,0,0
5755,0,0,0,0,1,0,0
5756,0,0,0,1,0,0,0
5757,0,0,0,1,0,0,0
5763,0,0,0,1,0,0,0
5764,0,1,0,1,0,0,0
5766,0,0,0,1,1,0,0
5769,0,0,1,0,0,0,0
5770,0,0,1,0,0,0,0
5771,0,0,0,1,1,0,0
5772,1,0,0,0,0,0,0
5773,0,0,0,1,0,0,0
5774,0,0,1,0,0,0,0
5776,0,0,0,1,1,0,0
5777,0,0,0,1,1,0,0
5779,0,0,0,1,0,0,0
5780,0,0,0,1,0,0,0
5781,0,0,0,0,1,0,0
5783,0,0,0,0,1,0,0
5784,0,0,1,0,0,0,0
5785,0,0,1,0,0,0,0
5786,0,0,1,0,0,0,0
5788,0,0,0,0,1,0,0
5789,0,0,0,1,0,0,0
5792,0,0,0,1,0,0,0
5794,0,0,0,1,1,0,0
5795,0,0,0,1,0,0,0
5796,0,0,1,0,0,0,0
5799,0,0,1,0,0,0,0
5802,0,1,1,0,0,0,0
5803,1,0,0,0,1,0,0
5804,0,0,0,1,0,0,0
5805,0,0,0,1,0,0,0
5808,0,0,0,1,0,0,0
5809,0,0,1,0,0,0,0
5812,0,0,1,0,0,0,0
5813,0,0,1,0,0,0,0
5814,0,0,0,1,0,0,0
5815,0,0,0,1,0,0,0
5819,0,0,0,1,1,0,0
5822,0,0,0,0,1,0,0
5823,0,0,1,0,0,0,0
5830,0,0,0,1,1,0,0
5831,0,0,1,0,0,0,0
5832,0,0,0,1,0,0,0
5833,0,0,0,1,1,0,0
5834,0,0,0,1,0,0,0
5835,1,0,1,0,0,0,0
5837,0,0,0,1,0,0,1
5838,0,0,1,0,0,0,0
5840,0,0,0,1,0,0,0
5841,0,0,0,1,1,0,0
5843,0,0,0,1,1,0,0
5844,0,1,0,1,0,0,0
5845,0,0,0,1,0,0,0
5846,1,0,0,0,1,0,0
5847,0,0,0,1,1,0,0
5848,0,0,0,1,0,0,0
5852,0,0,0,1,0,0,0
5853,0,0,0,1,0,0,0
5856,0,0,1,0,0,0,0
5857,0,0,0,1,0,0,0
5858,0,0,0,1,0,0,0
5859,1,0,0,1,0,0,0
5860,0,0,1,0,0,0,0
5861,0,0,1,0,0,0,0
5862,0,0,0,0,1,0,0
5863,0,0,0,1,1,0,0
5864,0,0,1,0,0,0,0
5865,0,0,1,0,0,0,0
5866,0,0,0,1,1,0,0
5867,0,0,0,1,1,0,0
5868,0,0,1,0,0,0,0
5869,0,0,0,0,1,0,0
5870,0,0,1,0,0,0,0
5871,0,0,0,1,0,0,0
5873,1,0,0,0,0,0,0
5875,0,0,0,1,0,0,0
5876,0,0,0,1,0,0,0
5877,0,0,1,0,0,0,0
5878,0,0,0,1,0,0,0
5879,0,0,0,1,0,0,0
5880,0,0,0,1,1,0,0
5882,0,0,1,0,0,0,0
5883,0,0,1,0,0,0,0
5884,0,0,1,0,0,0,0
5885,0,0,1,0,0,0,0
5887,0,0,0,1,1,0,0
5889,0,0,0,1,1,0,0
5890,0,0,1,0,0,0,0
5891,0,0,0,1,0,0,0
5892,0,0,1,0,0,0,0
5893,0,0,1,0,0,0,0
5894,0,0,0,0,1,0,0
5900,0,1,0,1,0,0,0
5901,0,0,1,0,1,0,0
5902,1,0,0,0,0,0,0
5903,0,1,0,1,0,0,0
5904,0,0,0,1,0,0,0
5905,0,0,0,1,0,0,0
5906,0,0,0,1,0,0,0
5907,0,0,1,0,0,0,0
5908,0,0,0,1,1,0,0
5909,0,0,0,1,1,0,0
5910,1,0,0,1,1,0,0
5911,0,0,0,0,1,0,0
5912,0,0,0,1,0,0,0
5913,0,0,1,0,0,0,0
5914,0,0,1,0,0,0,0
5915,0,0,0,1,1,0,0
5917,1,0,1,0,0,0,0
5918,0,0,0,1,0,0,0
5919,0,0,0,1,0,0,0
5920,0,0,0,1,0,0,0
5921,0,0,1,0,0,0,0
5922,0,0,0,1,0,0,0
5923,0,0,0,1,0,0,0
5924,0,0,0,1,0,0,0
5925,0,0,1,0,0,0,0
5926,0,0,0,1,0,0,0
5927,0,0,0,1,1,0,0
5928,0,0,0,1,0,0,0
5929,0,0,0,1,0,0,0
5930,1,1,0,0,0,0,0
5933,0,0,0,1,0,0,0
5936,1,0,0,0,0,0,0
5937,0,0,1,0,0,0,0
5938,0,0,0,1,0,0,0
5939,0,0,1,0,0,0,0
5941,0,0,0,0,1,0,0
5942,0,0,0,1,0,0,0
5944,0,0,0,1,0,0,0
5945,0,0,1,0,0,0,0
5947,0,0,0,1,0,0,0
5948,0,0,1,0,0,0,0
5949,1,0,0,0,0,0,0
5950,0,0,1,0,0,0,0
5951,0,0,0,1,1,0,0
5952,0,0,0,1,0,0,0
5954,0,0,0,1,0,0,0
5959,0,0,0,1,0,0,0
5961,0,0,1,0,0,0,0
5962,0,0,0,1,1,0,0
5963,0,0,0,0,1,0,0
5965,0,0,1,0,0,0,0
5966,0,0,0,1,0,0,0
5967,0,0,0,1,0,0,0
5968,0,0,1,0,0,0,0
5969,0,0,0,0,1,0,0
5970,0,0,1,0,0,0,0
5972,0,0,1,0,0,0,0
5973,0,0,0,1,0,0,0
5976,0,0,0,1,1,0,0
5978,0,0,0,1,0,0,0
5979,0,0,0,1,0,0,0
5980,0,0,1,0,0,0,0
5981,0,0,0,0,1,0,0
5984,0,0,0,1,0,0,0
5987,0,0,0,1,0,0,0
5988,0,0,0,1,0,0,0
5989,0,0,0,1,0,0,0
5992,0,0,1,0,0,0,0
5993,0,0,1,0,0,0,0
5994,0,0,0,1,0,0,0
5995,0,0,0,1,0,0,0
5997,0,0,1,0,0,0,0
5999,0,0,0,1,0,0,0
6000,0,0,0,1,0,0,0
6001,0,0,0,1,1,0,0
6002,0,0,1,0,0,0,0
6003,0,0,1,0,0,0,0
6005,0,0,0,1,0,0,0
6007,1,0,0,0,1,0,0
6009,0,0,1,0,0,0,0
6011,0,0,0,1,1,0,0
6012,0,0,1,0,0,0,0
6013,0,0,0,1,0,0,0
6014,0,0,0,1,1,0,0
6015,0,0,0,1,0,0,0
6016,0,0,0,1,0,0,0
6017,0,0,0,1,0,0,0
6018,0,0,1,0,0,0,0
6019,0,0,0,1,0,0,0
6020,0,0,0,1,0,0,0
6021,0,0,1,0,0,0,0
6024,0,0,1,0,0,0,0
6026,0,0,1,0,0,1,0
6028,0,0,1,0,0,0,0
6029,0,0,0,1,1,0,0
6031,0,0,0,1,0,0,0
6032,0,1,1,0,0,0,0
6034,0,0,1,0,0,0,0
6035,0,0,0,1,0,0,0
6037,0,0,0,1,1,0,0
6038,0,0,1,0,0,0,0
6039,0,0,1,0,0,0,0
6040,0,0,0,1,0,0,0
6041,0,0,0,1,0,0,0
6043,0,0,0,1,0,0,0
6046,0,0,1,0,0,0,0
6047,0,0,1,0,0,0,0
6048,0,0,0,1,0,0,0
6049,0,0,1,0,0,0,0
6050,0,0,0,1,0,0,0
6052,1,0,0,1,0,0,0
6053,0,0,0,0,1,0,0
6054,0,0,0,1,1,0,0
6055,0,0,0,1,0,0,0
6057,0,0,0,1,0,0,0
6058,0,0,1,0,0,0,0
6061,0,0,0,1,0,0,0
6063,0,0,0,1,0,0,0
6065,0,0,0,1,0,0,0
6068,0,0,1,0,0,0,0
6072,0,0,1,0,0,0,0
6073,0,0,0,1,0,0,0
6074,0,0,1,0,0,0,0
6080,0,0,0,1,0,0,0
6082,0,1,1,1,1,0,0
6083,0,0,1,0,0,0,0
6084,0,1,1,0,0,0,0
6085,0,0,0,1,0,0,0
6087,0,0,1,0,0,0,0
6088,0,0,0,1,1,0,0
6089,0,0,1,0,0,0,0
6091,0,0,0,1,0,0,0
6092,0,0,0,1,1,0,0
6094,0,0,0,1,1,0,0
6096,0,0,0,0,1,0,0
6097,0,0,0,0,1,0,0
6100,0,0,1,0,1,0,0
6101,0,0,0,1,1,0,0
6103,0,0,0,1,0,0,0
6104,0,0,1,0,0,0,0
6107,0,0,0,1,0,0,0
6108,0,0,0,1,0,0,0
6109,0,0,0,1,0,0,0
6111,0,0,0,1,0,0,0
6112,0,0,1,0,0,0,0
6113,0,0,1,0,0,0,0
6115,0,0,1,0,0,0,0
6117,0,0,1,0,0,0,0
6118,0,0,1,0,0,0,0
6119,0,1,0,1,1,0,0
6122,0,0,0,1,0,0,0
6123,0,0,0,1,0,0,0
6124,0,0,0,1,0,0,0
6128,0,0,0,0,1,0,0
6129,0,0,1,0,0,0,0
6130,0,0,0,1,0,0,0
6132,0,0,0,0,1,0,0
6134,0,0,0,1,0,0,0
6137,0,0,0,1,0,0,0
6140,0,0,0,1,0,0,0
6141,0,0,1,0,0,0,0
6142,1,0,0,1,0,0,0
6143,0,0,0,1,0,0,0
6144,0,0,0,1,0,0,0
6147,0,0,0,1,0,0,0
6148,1,0,0,1,0,0,0
6149,0,0,0,1,0,0,0
6153,0,0,0,1,0,0,0
6154,0,0,1,0,0,0,0
6155,0,0,0,1,1,0,0
6156,0,0,0,1,0,0,0
6157,1,0,0,0,0,0,0
6158,0,0,0,1,0,0,0
6159,0,0,0,1,0,0,0
6160,0,0,0,1,0,0,0
6162,0,0,1,0,0,0,0
6163,0,0,0,1,0,0,0
6165,1,0,0,1,0,0,0
6166,0,1,0,1,1,0,0
6167,0,0,0,1,0,0,0
6168,0,0,1,0,0,0,0
6169,0,0,1,0,0,0,0
6170,0,0,0,0,1,0,0
6171,0,0,0,1,0,0,0
6172,0,0,1,0,0,0,0
6174,0,0,0,1,0,0,0
6175,0,0,1,0,0,0,0
6176,0,0,0,1,1,0,0
6177,0,0,1,0,0,0,0
6178,0,0,0,1,1,0,0
6181,0,1,0,1,0,0,0
6182,0,0,0,0,1,0,0
6183,0,0,0,0,1,0,0
6184,0,0,0,1,1,0,0
6186,0,0,0,1,1,0,0
6187,0,0,0,0,1,0,0
6190,0,0,0,1,0,0,0
6191,0,0,0,1,0,0,0
6192,0,0,1,0,0,0,0
6193,0,0,0,1,0,0,0
6195,0,0,1,0,0,0,0
6197,0,0,0,1,0,0,0
6198,0,0,0,1,0,0,0
6201,0,0,0,1,0,0,0
6204,0,0,1,0,0,0,0
6205,0,0,1,0,0,0,0
6206,0,0,1,0,0,0,0
6207,0,0,1,0,1,0,0
6210,0,0,0,1,1,0,0
6211,0,0,1,0,0,0,0
6212,0,0,0,1,0,0,0
6213,0,0,0,1,0,0,0
6217,0,0,1,0,0,0,0
6219,0,0,1,0,0,0,0
6221,0,0,0,0,1,0,0
6222,0,0,0,1,0,0,0
6223,0,0,0,1,1,0,0
6224,0,0,0,1,0,0,0
6226,0,0,0,1,0,0,0
6227,0,0,1,0,0,0,0
6229,0,0,0,1,0,0,0
6230,0,0,0,1,0,0,0
6232,0,0,0,1,0,0,0
6233,0,0,0,1,1,0,0
6234,0,0,0,1,0,0,0
6235,0,0,0,1,1,0,0
6236,0,0,1,0,0,0,0
6238,0,0,0,1,0,0,0
6240,0,0,0,1,1,0,0
6241,0,0,0,1,0,0,0
6242,0,0,0,0,1,0,0
6244,0,0,1,0,0,0,0
6246,0,0,0,0,1,0,0
6247,0,0,1,0,1,0,0
6249,0,0,0,1,0,0,0
6250,0,0,0,0,1,0,0
6251,0,0,1,0,0,0,0
6252,0,0,1,0,1,0,0
6254,0,0,1,0,0,0,0
6257,0,0,1,0,1,0,0
6259,0,0,0,1,1,0,0
6261,0,0,0,1,1,0,0
6262,0,0,0,1,1,0,0
6263,0,0,0,1,0,0,0
6264,0,0,1,0,0,0,0
6267,0,0,0,1,1,0,0
6270,0,0,0,1,1,0,0
6271,0,0,0,1,1,0,0
6272,0,0,0,1,0,0,0
6273,0,0,1,0,0,0,0
6274,0,0,0,1,1,0,0
6275,0,0,1,1,1,0,0
6276,0,0,0,1,1,0,0
6277,0,0,0,0,1,0,0
6279,0,0,1,0,0,0,0
6281,0,0,0,0,1,0,0
6282,0,0,1,0,0,0,0
6283,0,0,0,1,0,0,0
6284,0,0,0,1,0,0,0
6285,0,0,0,1,0,0,0
6286,0,0,1,0,0,0,0
6287,0,0,0,1,1,0,0
6289,0,0,0,1,0,0,0
6291,0,0,0,1,0,0,0
6292,0,0,1,0,1,0,0
6294,0,0,1,0,0,0,0
6295,0,0,1,0,0,0,0
6297,0,0,1,0,0,0,0
6298,0,0,1,0,0,0,0
6299,0,0,0,0,1,0,0
6300,0,0,1,0,0,0,0
6301,0,0,1,0,0,0,0
6302,0,0,0,1,0,0,0
6304,0,0,1,0,0,0,0
6305,0,0,1,0,0,0,0
6306,0,0,0,1,0,0,0
6308,0,0,0,1,0,0,0
6310,0,0,0,1,0,0,0
6312,0,0,0,0,1,0,0
6313,0,0,0,1,0,0,0
6314,0,0,0,1,0,0,0
6315,1,0,0,0,0,0,0
6316,0,0,1,0,0,0,0
6317,0,0,1,0,0,0,0
6318,0,0,0,1,1,0,0
6319,0,0,0,1,0,0,0
6320,0,0,0,1,0,0,0
6321,0,0,0,1,0,0,0
6322,0,0,0,1,1,0,0
6324,0,0,1,0,0,0,0
6325,0,0,0,1,0,0,0
6326,0,0,1,0,0,0,0
6331,0,0,0,1,0,0,0
6332,0,0,0,1,1,0,0
6333,0,0,0,1,0,0,0
6334,0,0,1,0,0,0,0
6335,0,0,0,1,1,0,0
6336,0,0,1,0,0,0,0
6337,0,0,0,1,0,0,0
6340,0,0,0,1,0,0,0
6344,0,0,0,1,0,0,0
6351,0,0,0,1,1,0,0
6354,0,0,0,1,0,0,0
6356,0,0,0,1,0,0,0
6359,0,0,0,1,1,0,0
6362,0,0,1,0,0,0,0
6364,0,0,1,0,1,0,0
6365,0,0,0,1,0,0,0
6366,0,0,1,0,0,0,0
6367,0,0,1,0,0,0,0
6369,0,0,0,1,1,0,0
6370,0,0,0,1,0,0,0
6371,0,0,0,1,1,0,0
6373,0,0,1,0,0,0,0
6377,0,0,0,1,1,0,0
6379,0,0,1,0,0,0,0
6380,0,1,1,0,0,0,0
6381,0,0,1,0,0,0,0
6383,0,0,0,1,0,0,0
6384,0,0,1,0,0,0,0
6386,0,0,0,1,0,0,0
6387,0,0,0,1,0,0,0
6388,0,0,0,1,0,0,0
6390,0,0,1,0,0,0,0
6391,0,0,1,0,0,0,0
6392,0,0,0,1,0,0,0
6393,0,0,0,1,0,0,0
6394,0,0,1,0,0,0,0
6395,0,0,0,1,0,0,0
6396,0,0,0,1,0,0,0
6397,0,0,0,1,0,0,0
6398,0,0,0,1,0,0,0
6399,0,1,0,0,0,0,0
6403,0,0,0,1,0,0,0
6404,0,0,1,0,0,0,0
6406,0,0,1,0,0,0,0
6407,0,0,1,0,0,0,0
6409,0,0,0,1,1,0,0
6411,0,0,1,0,0,0,0
6412,0,0,0,0,1,0,0
6414,0,0,1,0,0,0,0
6415,0,0,0,1,1,0,0
6416,0,0,0,1,0,0,0
6417,0,0,0,1,1,0,0
6418,0,0,1,0,0,0,0
6420,0,0,0,1,0,0,0
6421,0,0,0,1,1,0,0
6422,0,0,1,0,0,0,0
6424,0,0,1,0,0,0,0
6425,0,0,1,0,0,0,0
6426,1,0,0,0,1,0,0
6427,0,0,0,1,0,0,1
6428,0,0,1,0,0,0,0
6429,0,0,1,0,0,0,0
6430,0,0,1,0,0,0,0
6431,0,0,1,0,0,0,0
6433,0,0,1,0,0,0,0
6434,0,0,1,0,0,0,0
6435,0,0,0,1,0,0,0
6436,0,0,0,1,0,0,0
6440,0,0,1,0,0,0,0
6441,0,0,0,0,1,0,0
6442,0,0,0,1,1,0,0
6443,0,0,0,1,0,0,0
6444,0,1,0,0,1,0,0
6445,0,0,0,1,1,0,0
6447,0,0,0,1,0,0,0
6448,0,0,1,0,0,0,0
6450,0,0,1,0,0,0,0
6454,0,0,0,1,0,0,0
6456,0,0,1,0,0,0,0
6457,0,1,0,1,0,0,0
6459,0,0,0,1,0,0,0
6460,0,0,0,1,1,0,0
6461,0,0,0,1,1,0,0
6462,0,0,1,0,0,0,0
6463,0,0,1,0,0,0,0
6465,0,0,0,1,0,0,0
6467,0,0,0,1,0,0,0
6468,0,0,0,1,0,0,0
6469,0,0,0,1,0,0,0
6470,0,0,0,0,1,0,0
6471,0,0,0,1,0,0,0
6472,0,1,1,0,0,0,0
6473,0,0,0,1,1,0,0
6474,0,0,0,1,0,0,0
6475,0,0,1,0,0,0,0
6476,0,1,1,0,1,0,0
6477,0,0,1,0,0,0,0
6479,0,0,1,0,0,0,0
6481,0,0,0,1,0,0,0
6482,0,0,1,0,0,0,0
6485,0,0,1,0,0,0,0
6486,0,0,0,1,1,0,0
6488,0,0,0,1,0,0,0
6489,0,0,0,1,0,0,0
6492,0,0,0,1,0,0,0
6493,0,0,0,1,1,0,0
6495,0,0,0,1,1,0,0
6496,0,0,0,1,0,0,0
6499,0,0,1,0,0,0,0
6500,0,0,0,0,1,0,0
6502,0,0,0,1,0,0,0
6503,0,0,0,1,1,0,0
6504,0,0,0,1,0,0,0
6505,0,0,1,0,0,0,0
6507,0,0,1,0,0,0,0
6508,0,0,0,1,0,0,0
6514,0,0,0,1,1,0,0
6516,0,0,0,0,1,0,0
6517,0,0,0,1,0,0,0
6518,0,0,0,1,1,0,0
6519,0,0,1,0,0,0,0
6522,0,0,1,0,0,0,0
6523,0,0,1,0,0,0,0
6524,0,0,0,1,0,0,0
6525,0,0,1,0,0,0,0
6526,0,0,0,1,0,0,0
6527,0,0,0,1,1,0,0
6529,0,0,1,0,0,0,0
6530,0,0,1,0,0,0,0
6531,0,0,1,0,0,0,0
6533,0,0,0,0,1,0,0
6535,0,0,1,0,0,0,0
6539,0,0,0,1,0,0,0
6541,0,0,0,1,0,0,0
6542,0,0,1,1,1,0,0
6543,0,0,0,1,0,0,0
6544,0,0,0,1,1,0,0
6545,0,0,0,1,0,0,0
6546,0,0,0,1,0,0,0
6547,0,0,0,1,1,0,0
6548,0,0,0,1,0,0,0
6549,0,0,0,1,0,0,0
6550,0,0,0,1,1,0,0
6551,0,0,0,1,0,0,0
6552,0,0,1,0,0,0,0
6553,0,0,1,0,0,0,0
6554,0,0,0,1,0,0,0
6557,1,0,0,0,0,0,0
6558,0,0,0,0,1,0,0
6560,0,0,0,1,0,0,0
6561,0,0,0,1,0,0,0
6564,0,0,0,1,0,0,0
6565,0,0,1,0,0,0,0
6567,0,0,1,0,0,0,0
6568,0,0,0,1,1,0,0
6570,0,0,1,0,0,0,0
6571,0,0,1,0,0,0,0
6572,0,0,1,0,0,0,0
6573,0,0,1,0,0,0,0
6575,0,0,0,0,1,0,0
6576,0,0,0,1,0,0,0
6577,0,0,0,1,0,0,0
6578,0,0,0,1,1,0,0
6579,1,0,0,0,0,0,0
6580,0,0,1,0,0,0,0
6582,0,0,0,1,0,0,0
6584,0,0,0,1,0,0,0
6585,0,0,1,0,0,0,0
6586,0,0,1,0,0,0,0
6590,0,0,0,1,1,0,0
6591,0,0,0,1,0,0,0
6592,0,0,0,1,1,0,0
6593,0,0,1,0,0,0,0
6597,0,0,0,1,0,0,0
6598,0,0,0,1,0,0,0
6599,0,0,0,1,1,0,0
6600,0,0,0,1,0,0,0
6602,0,0,0,1,0,0,0
6604,0,0,1,0,0,0,0
6607,0,0,0,1,0,0,0
6608,0,0,0,1,0,0,0
6610,0,0,0,1,0,0,0
6611,0,0,1,1,0,0,0
6612,0,0,0,1,0,0,0
6613,0,0,1,0,0,0,0
6614,0,0,0,0,1,0,0
6617,1,0,1,0,0,0,0
6618,0,0,0,1,1,0,0
6621,0,0,0,1,1,0,0
6622,0,0,0,0,1,0,0
6623,0,0,0,1,0,0,0
6625,0,0,1,0,0,0,0
6626,0,0,0,1,0,0,0
6628,0,0,1,0,0,0,0
6630,0,0,1,0,0,0,0
6631,0,0,0,1,0,0,0
6632,0,0,0,1,1,0,0
6633,0,0,1,0,0,0,0
6634,0,0,0,1,0,0,0
6635,0,0,0,1,0,0,0
6637,0,0,0,0,1,0,0
6638,0,0,0,1,0,0,0
6639,0,0,1,0,0,0,0
6643,0,0,0,1,0,0,0
6647,0,0,0,1,1,0,0
6648,0,0,0,1,1,0,0
6651,1,0,0,0,0,0,0
6652,1,0,0,0,1,0,0
6653,0,0,0,1,0,0,0
6656,0,0,0,1,1,0,0
6658,0,0,1,0,0,0,0
6660,0,0,1,0,0,0,0
6662,0,0,0,0,1,0,0
6663,0,0,1,0,0,0,0
6664,0,1,0,0,0,0,0
6665,0,0,0,1,0,0,0
6666,1,0,0,0,1,0,0
6667,0,0,0,1,0,0,0
6669,0,0,0,1,1,0,0
6672,0,0,0,1,0,0,0
6674,0,0,1,1,0,0,0
6676,0,0,1,0,0,0,0
6677,0,0,0,1,0,0,0
6678,0,0,1,0,0,0,0
6679,1,0,1,0,0,0,0
6680,0,0,1,0,0,0,0
6682,0,0,0,1,1,0,0
6683,0,0,0,1,0,0,0
6684,1,0,0,0,0,0,0
6685,0,0,0,1,0,0,0
6686,0,0,0,0,1,0,0
6688,0,0,0,1,0,0,0
6697,0,0,1,0,0,0,0
6698,0,0,1,0,0,1,0
6699,0,0,1,0,0,0,0
6700,0,0,0,1,1,0,0
6703,0,0,0,0,1,0,0
6705,0,0,1,0,0,0,0
6706,0,0,0,1,0,0,0
6708,0,0,0,1,1,0,0
6709,0,1,1,0,0,0,0
6710,0,0,1,1,0,1,0
6711,0,0,0,1,0,0,0
6712,0,0,1,0,0,0,0
6714,0,0,0,1,1,0,0
6715,0,0,0,0,1,0,0
6716,0,0,0,1,0,0,0
6719,0,0,0,0,1,0,0
6721,0,0,0,1,1,0,0
6724,0,0,0,1,0,0,0
6725,0,0,0,1,0,0,0
6729,0,0,0,1,0,0,0
6730,0,0,0,1,0,0,0
6731,0,0,1,0,0,0,0
6734,1,0,1,0,0,0,0
6735,0,0,0,1,0,0,0
6736,0,0,0,1,0,0,0
6737,0,0,1,0,0,0,0
6739,0,0,0,1,0,0,0
6740,0,0,0,1,0,0,0
6741,0,0,1,0,0,0,0
6742,1,0,1,0,0,0,0
6744,0,0,0,1,1,0,0
6746,0,0,1,0,0,0,0
6747,0,0,1,0,0,0,0
6749,0,0,1,0,0,0,0
6750,0,0,0,1,0,0,0
6753,0,0,0,1,0,0,0
6754,0,0,0,1,0,0,0
6756,0,0,0,1,0,0,0
6757,0,0,0,1,1,0,0
6758,0,0,0,1,1,0,0
6759,0,0,0,1,0,0,0
6761,0,0,1,0,0,0,0
6762,0,0,1,0,0,0,0
6764,0,0,0,1,1,0,0
6765,0,0,1,0,0,0,0
6768,1,0,1,0,1,0,0
6769,0,0,0,1,0,0,0
6770,0,0,0,0,1,0,0
6771,0,0,0,1,0,0,0
6772,0,0,0,1,0,0,0
6773,0,0,1,0,0,0,0
6774,0,0,0,0,1,0,0
6775,0,0,0,0,1,0,0
6776,0,0,1,0,0,0,0
6777,0,0,1,0,0,1,0
6778,0,0,1,0,1,0,0
6779,0,0,0,1,1,0,0
6780,0,0,0,0,1,0,0
6784,0,0,0,1,1,0,0
6786,1,0,0,0,0,0,0
6787,0,0,0,1,0,0,0
6788,0,0,1,0,0,0,0
6790,0,0,0,1,1,0,0
6791,0,0,0,1,0,0,0
6793,0,0,0,1,0,0,0
6794,0,0,1,0,0,0,0
6796,0,0,1,0,0,0,0
6798,0,0,0,1,0,0,0
6799,0,0,0,1,0,0,0
6801,0,0,0,1,1,0,0
6802,0,0,1,0,0,0,0
6804,0,0,0,1,0,0,0
6805,0,0,1,0,0,0,0
6806,0,0,0,1,0,0,0
6807,0,0,0,0,1,0,0
6809,0,0,0,1,0,0,0
6810,0,0,1,0,0,0,0
6811,0,0,0,1,0,0,0
6812,0,0,0,1,0,0,0
6813,0,0,0,1,0,0,0
6815,0,0,0,1,1,0,0
6817,0,1,0,1,0,0,0
6818,0,0,0,1,1,0,0
6819,0,0,0,1,1,0,0
6820,0,0,0,1,0,0,0
6821,0,0,0,1,1,0,0
6822,0,0,0,1,0,0,0
6825,0,0,0,1,0,0,0
6826,0,0,0,1,1,0,0
6827,0,0,0,1,0,0,0
6828,0,0,0,1,0,0,0
6830,0,0,0,1,0,0,0
6831,0,0,1,0,0,0,0
6832,0,0,1,0,0,0,0
6836,0,0,1,0,0,0,0
6839,0,0,1,0,0,0,0
6840,0,0,1,0,0,0,0
6841,0,0,0,1,1,0,0
6844,0,0,1,0,0,0,0
6845,0,1,0,0,1,0,0
6846,0,0,0,1,0,0,0
6848,0,0,0,0,0,1,0
6849,0,0,1,0,0,0,0
6850,0,0,1,0,0,0,0
6851,0,0,0,1,0,0,0
6852,0,0,0,1,1,0,0
6853,0,0,0,1,1,0,0
6854,0,0,0,1,0,0,0
6856,0,0,0,1,0,0,0
6857,0,0,0,1,1,0,0
6860,0,0,0,1,0,0,0
6861,0,0,0,1,0,0,0
6863,0,0,0,1,0,0,0
6864,0,0,0,1,0,0,0
6865,0,0,0,1,1,0,0
6866,0,0,0,1,1,0,0
6868,0,0,0,1,0,0,0
6870,0,0,0,1,1,0,0
6871,0,0,0,1,0,0,0
6873,0,0,1,0,0,0,0
6874,0,0,1,0,0,0,0
6875,0,0,0,1,0,0,0
6876,0,0,1,0,0,0,0
6877,0,0,0,1,1,0,0
6878,0,0,1,0,0,0,0
6881,0,0,0,1,0,0,0
6882,0,0,1,0,0,0,0
6883,0,0,0,1,0,0,0
6884,0,0,0,1,0,0,0
6885,0,0,1,0,0,0,0
6886,0,0,0,1,1,0,0
6887,0,0,0,1,0,0,0
6889,0,0,0,1,1,0,0
6890,0,0,0,1,0,0,0
6892,0,0,1,0,0,0,0
6894,0,0,1,0,0,0,0
6895,0,0,0,1,0,0,0
6898,1,0,0,1,1,1,0
6900,0,0,1,0,0,0,0
6901,0,0,0,1,0,0,0
6902,0,0,0,1,0,0,0
6903,0,0,0,1,0,0,0
6905,0,0,0,0,1,0,0
6906,0,0,0,1,1,0,0
6907,1,0,0,1,0,0,0
6908,0,0,0,0,1,0,0
6910,0,0,1,0,0,0,0
6911,0,0,1,0,0,0,0
6913,0,0,0,1,0,0,0
6914,0,0,0,1,0,0,0
6915,0,0,0,1,0,0,0
6918,0,0,1,0,0,0,0
6919,0,0,0,1,0,0,0
6920,0,0,0,1,0,0,0
6921,0,0,0,1,1,0,0
6922,0,0,0,1,0,0,0
6923,0,0,1,0,0,0,0
6924,0,0,0,1,0,0,0
6928,0,0,0,1,0,0,0
6930,0,0,0,1,0,0,0
6931,1,0,0,0,0,0,0
6932,0,0,1,0,0,0,0
6934,0,0,1,0,0,0,0
6935,0,0,0,1,0,0,0
6936,1,0,0,1,0,0,0
6938,0,0,1,0,0,0,0
6940,0,0,0,1,0,0,0
6941,0,0,0,1,0,0,0
6942,0,0,0,1,0,0,0
6943,0,0,0,1,0,0,0
6944,0,0,0,1,0,0,0
6945,0,0,0,1,1,0,0
6947,0,0,1,0,0,0,0
6949,0,0,0,1,0,0,0
6951,0,0,0,1,1,0,0
6953,0,0,0,1,0,0,0
6954,0,0,0,1,1,0,0
6955,0,0,0,1,0,0,0
6957,0,0,1,0,0,0,0
6958,0,0,1,0,0,0,0
6959,0,0,0,1,1,0,0
6961,0,0,0,1,0,0,0
6962,0,0,1,0,0,0,0
6964,0,0,1,0,0,0,0
6966,0,0,0,1,0,0,0
6967,0,0,0,1,1,0,0
6968,0,0,1,0,1,0,0
6969,0,0,0,1,0,0,0
6970,0,0,0,1,0,0,0
6971,0,0,0,1,0,0,0
6972,0,0,0,1,0,0,0
6974,0,0,0,1,0,0,0
6975,0,0,0,1,1,0,0
6976,0,0,0,1,1,0,0
6977,0,0,0,1,0,0,0
6978,0,0,1,0,0,0,0
6980,0,0,0,1,0,0,0
6981,0,0,1,0,0,0,0
6982,0,0,1,0,0,0,0
6984,0,0,1,0,0,0,0
6985,1,0,0,0,0,0,0
6986,0,0,0,1,1,0,0
6987,0,0,1,0,0,0,0
6989,0,0,0,1,1,0,0
6992,0,0,1,0,0,0,0
6995,0,0,0,1,0,0,0
6996,0,0,1,0,0,0,0
7000,0,0,0,1,0,0,0
7002,0,0,1,0,0,0,0
7003,0,0,0,1,0,0,0
7004,0,0,0,0,0,0,1
7005,0,0,0,1,0,0,0
7010,1,0,0,0,0,0,0
7011,0,0,1,0,0,0,0
7012,0,1,1,0,0,0,0
7013,0,0,1,0,0,0,0
7014,0,0,1,0,0,0,0
7017,0,0,1,0,0,0,0
7019,0,0,1,0,0,0,0
7020,0,0,0,1,0,0,0
7021,0,0,0,1,0,0,0
7022,0,0,0,1,0,0,0
7024,0,0,0,1,0,0,0
7025,0,0,0,1,0,0,0
7026,0,0,0,1,0,0,0
7027,0,0,0,1,0,0,0
7033,0,0,0,1,1,0,0
7035,0,0,1,0,0,0,0
7036,0,0,0,1,1,0,0
7037,0,0,1,0,0,0,0
7039,0,0,1,0,0,0,0
7040,0,0,1,0,0,0,0
7041,0,0,1,0,0,0,0
7046,0,0,0,1,0,0,0
7049,0,0,1,1,0,0,0
7050,0,0,1,0,0,0,0
7053,0,0,1,0,1,0,0
7054,0,0,0,1,0,0,0
7055,0,0,1,0,0,0,0
7056,0,0,0,1,0,0,0
7057,0,0,0,1,1,0,0
7059,0,0,0,1,0,0,0
7063,0,0,0,1,0,0,0
7066,0,0,0,1,1,0,0
7067,0,0,0,0,1,0,0
7068,0,0,1,0,0,0,0
7069,0,0,1,0,0,0,0
7070,0,0,1,0,0,0,0
7072,0,0,0,1,1,0,0
7073,0,0,1,0,0,0,0
7074,0,0,1,0,0,0,0
7075,0,0,0,0,1,0,0
7076,0,0,0,1,1,0,0
7078,0,0,0,1,1,0,0
7080,0,0,0,0,1,0,0
7081,0,0,0,1,0,0,0
7082,0,0,0,1,1,0,0
7083,0,0,0,0,1,0,0
7084,0,0,0,1,0,0,0
7085,0,0,0,1,0,0,0
7086,0,0,0,1,0,0,0
7088,0,0,0,1,0,0,0
7090,0,0,0,1,0,0,0
7091,0,0,1,0,0,0,0
7092,0,0,0,1,0,0,0
7093,0,0,1,0,1,0,0
7095,0,0,0,1,1,0,0
7097,0,0,1,0,0,0,0
7100,0,0,0,1,1,0,0
7101,1,0,0,0,1,0,0
7102,0,0,0,1,0,0,0
7105,0,0,0,1,0,0,0
7106,0,0,0,1,0,0,0
7107,0,0,0,1,0,0,0
7108,0,0,0,1,0,0,0
7109,0,0,1,0,0,0,0
7110,0,0,1,0,0,0,0
7111,0,0,1,0,0,0,0
7113,0,0,0,0,1,0,0
7114,0,0,0,1,0,0,0
7115,0,0,0,1,0,0,0
7117,0,0,1,0,0,0,0
7118,0,0,1,0,0,0,0
7119,0,0,1,0,0,0,0
7121,0,0,0,1,1,0,0
7122,0,0,0,1,1,0,0
7125,0,0,1,0,0,0,0
7127,0,0,1,0,0,0,0
7128,0,1,0,1,1,0,0
7130,0,0,0,1,0,0,0
7133,0,0,0,1,0,0,0
7134,0,0,1,0,0,0,0
7135,0,0,0,1,0,0,0
7136,0,0,0,1,0,0,0
7137,0,0,1,0,0,0,0
7141,0,0,0,1,0,0,0
7142,0,0,0,1,1,0,0
7143,0,0,1,1,0,0,0
7144,0,0,0,0,1,0,0
7147,0,0,0,1,0,0,0
7148,0,0,1,0,0,0,0
7149,0,0,0,1,0,0,0
7150,0,0,1,0,0,0,0
7151,0,0,0,1,0,0,0
7152,0,0,0,1,1,0,0
7154,0,0,1,0,0,0,0
7157,0,1,1,0,0,0,0
7159,0,0,0,1,1,0,0
7162,0,0,0,0,1,0,0
7163,0,0,0,1,1,0,0
7165,0,0,0,1,1,0,0
7170,0,0,0,1,0,0,0
7172,0,0,1,0,0,0,0
7175,0,0,0,1,1,0,0
7177,0,0,0,1,0,0,0
7178,0,0,1,0,0,0,0
7179,0,0,0,1,1,0,0
7181,0,0,0,1,0,0,0
7183,0,0,0,0,1,0,0
7184,0,0,0,1,1,0,0
7185,0,0,0,0,1,0,0
7186,0,1,0,1,0,0,0
7188,0,0,0,0,1,0,0
7189,0,0,0,1,0,0,0
7190,0,0,1,0,0,0,0
7191,0,0,0,1,1,0,0
7193,0,0,1,0,1,0,0
7194,0,1,0,1,0,0,0
7196,0,0,0,1,1,0,0
7199,0,0,0,0,1,0,0
7200,0,0,0,1,0,0,0
7203,0,0,1,0,1,0,0
7204,0,0,0,1,0,0,0
7205,0,0,0,1,0,0,0
7206,0,0,0,1,0,0,0
7207,0,0,1,0,0,0,0
7209,0,0,0,1,0,0,0
7214,0,0,1,0,0,0,0
7216,0,0,0,1,1,0,0
7217,0,0,0,1,1,0,0
7218,0,0,0,1,1,0,0
7220,0,0,0,1,0,0,0
7224,1,0,0,0,0,0,0
7225,0,0,0,0,1,0,0
7226,0,0,0,1,0,0,0
7229,0,1,1,0,0,0,0
7232,0,0,1,0,0,0,0
7233,0,0,0,1,1,0,0
7234,0,0,0,0,1,0,0
7235,0,0,0,1,0,0,0
7236,0,0,0,1,0,0,0
7237,0,0,0,1,1,0,0
7239,0,0,1,0,0,0,0
7240,0,0,0,1,0,0,0
7241,0,0,0,1,0,0,0
7243,0,0,1,0,1,0,0
7245,0,0,1,0,0,0,0
7246,0,0,1,0,0,0,0
7247,0,0,1,0,1,0,0
7248,0,0,0,1,0,0,0
7249,0,0,1,0,1,0,0
7250,0,0,0,1,0,0,0
7251,0,0,0,1,0,0,0
7252,0,0,0,1,0,0,0
7253,0,0,1,1,0,0,0
7255,0,0,0,1,1,0,0
7256,0,1,0,1,1,0,0
7259,0,0,1,0,0,0,0
7262,0,0,1,0,0,0,0
7263,0,0,0,1,0,0,0
7264,0,0,1,0,1,0,0
7267,0,0,1,0,0,0,0
7268,0,0,0,1,0,0,0
7269,0,0,0,1,1,0,0
7270,1,0,0,0,0,0,0
7271,0,1,0,1,1,0,0
7272,0,0,0,1,1,0,0
7273,0,0,0,1,1,0,0
7274,0,0,1,0,0,0,0
7275,0,0,1,0,0,0,0
7278,0,0,0,1,0,0,0
7280,0,0,0,1,0,0,0
7281,0,0,0,1,0,0,0
7283,0,0,1,0,0,0,0
7286,0,0,0,1,0,0,0
7287,0,0,1,1,0,0,0
7289,0,0,1,0,0,0,0
7291,0,0,0,1,1,0,0
7292,0,0,0,1,1,0,0
7293,0,0,0,1,0,0,0
7294,0,0,0,1,0,0,0
7295,0,0,0,1,1,0,0
7297,0,0,1,0,0,0,0
7298,0,0,0,1,0,0,0
7301,0,0,0,1,0,0,0
7303,0,0,1,0,0,0,0
7305,0,0,1,0,0,0,0
7306,0,0,1,0,0,0,0
7307,0,0,0,0,1,0,0
7310,1,0,1,0,0,0,0
7312,0,0,0,1,0,0,0
7313,0,0,1,0,0,0,0
7314,0,1,0,1,0,0,0
7315,0,0,0,1,0,0,0
7316,0,0,0,1,0,0,0
7318,0,0,0,1,0,0,0
7319,0,0,0,1,0,0,0
7320,0,0,1,0,0,0,0
7321,0,0,0,1,0,0,0
7322,0,0,1,0,0,0,0
7323,0,0,1,0,0,0,0
7325,0,0,1,0,0,0,0
7326,0,0,0,1,0,0,0
7327,0,0,0,1,1,0,0
7328,0,0,1,0,0,0,0
7329,0,0,1,0,0,0,0
7331,0,0,1,0,0,0,0
7332,0,0,0,1,0,0,0
7333,0,0,1,0,1,0,0
7334,0,0,0,1,1,0,0
7336,0,0,1,0,0,0,0
7337,0,0,1,0,0,0,0
7340,0,0,0,1,0,0,0
7341,0,0,0,1,0,0,0
7342,0,0,0,1,0,0,0
7343,0,0,0,1,0,0,0
7344,0,0,0,1,1,0,0
7346,0,0,1,1,0,0,0
7347,0,0,0,0,1,0,0
7349,0,0,1,0,0,0,0
7350,0,0,0,1,0,0,0
7352,0,0,0,1,0,0,0
7354,0,0,0,1,0,0,0
7355,0,0,0,0,1,0,0
7356,0,0,0,0,1,0,0
7359,0,0,0,1,0,0,0
7362,0,0,1,0,0,0,0
7363,0,0,1,0,0,0,0
7364,0,0,1,0,1,0,0
7366,0,0,1,0,0,0,0
7368,0,0,0,1,0,0,0
7370,0,0,0,0,1,0,0
7371,0,0,0,1,0,0,0
7372,0,0,0,1,0,0,0
7373,0,0,0,1,0,0,0
7375,0,0,0,1,0,0,0
7376,0,0,0,1,0,0,0
7377,0,0,1,0,0,0,0
7378,0,0,0,1,0,0,0
7380,0,0,0,1,0,0,0
7381,0,0,1,0,0,0,0
7386,0,0,0,1,0,0,0
7387,0,0,1,0,0,0,0
7388,0,0,0,1,0,0,0
7389,0,0,0,1,0,0,0
7390,0,0,1,0,0,0,0
7391,0,0,1,0,0,0,0
7393,0,0,0,1,0,0,0
7394,0,0,0,1,0,0,0
7398,0,0,0,1,0,0,0
7399,0,0,1,0,0,0,0
7400,0,0,0,0,1,0,0
7401,0,0,0,1,0,0,0
7402,0,0,0,1,0,0,0
7406,0,0,1,1,0,0,0
7407,0,0,0,0,1,0,0
7409,0,0,0,1,0,0,0
7410,0,0,0,1,0,0,0
7411,0,0,0,1,0,0,0
7412,0,1,1,0,0,0,0
7414,0,0,0,1,1,0,0
7415,0,0,0,1,1,0,0
7416,0,0,1,0,0,0,0
7417,1,0,0,0,0,0,0
7418,0,0,0,1,1,0,0
7420,0,0,0,1,1,0,0
7421,0,0,0,1,0,0,0
7422,0,0,1,0,0,0,0
7423,0,0,0,1,0,0,0
7424,0,0,0,1,0,0,0
7425,0,0,0,1,0,0,0
7428,0,0,1,0,0,0,0
7429,0,0,0,1,0,0,0
7430,0,0,0,1,0,0,0
7431,0,0,1,0,0,0,0
7432,1,1,0,0,0,0,0
7433,0,0,1,0,0,0,0
7435,0,0,1,0,0,0,0
7436,0,0,0,1,0,0,0
7437,0,0,1,0,0,0,0
7440,0,0,1,0,0,0,0
7442,0,0,0,1,1,0,0
7443,0,0,0,1,1,0,0
7444,0,0,0,1,0,0,0
